"markers","BRCA","COAD","COADREAD","GBMLGG","KIPAN","KIRC","KIRP","LGG","LUAD","LUSC","OV","READ","UCEC"
"ACOT12",0.000573780829731585,NA,NA,NA,NA,NA,NA,NA,NA,NA,NA,NA,NA
"ADRA2C",0.000361387913938471,NA,NA,NA,NA,NA,NA,NA,NA,NA,NA,NA,NA
"ADSS",0.000195059855327084,NA,NA,NA,NA,NA,NA,NA,NA,NA,NA,NA,NA
"ANAPC10",0.000282362411155646,NA,NA,NA,NA,NA,NA,NA,NA,NA,NA,NA,NA
"ARF5",0.000426403974139733,NA,NA,NA,NA,NA,NA,NA,NA,NA,NA,NA,NA
"C10orf59",0.000374127093813903,NA,NA,NA,NA,NA,NA,NA,NA,NA,NA,NA,NA
"C12orf29",0.000170739648993168,NA,NA,NA,NA,NA,NA,NA,NA,NA,NA,NA,NA
"C21orf33",0.000515249541364726,NA,NA,NA,NA,NA,NA,NA,NA,NA,NA,NA,NA
"C2orf25",0.000149890168942401,NA,NA,NA,NA,NA,NA,NA,NA,NA,NA,NA,NA
"C3orf26",0.000562252155066334,NA,NA,NA,NA,NA,NA,NA,NA,NA,NA,NA,NA
"C3orf39",0.000384295681678082,NA,NA,NA,NA,NA,NA,NA,NA,NA,NA,NA,NA
"C4orf12",2.10025920229784e-05,NA,NA,NA,NA,NA,NA,NA,NA,NA,NA,NA,NA
"C7orf30",0.000169310631130126,NA,NA,NA,NA,NA,NA,NA,NA,NA,NA,NA,NA
"C7orf42",0.000437201118637764,NA,NA,NA,NA,NA,NA,NA,NA,NA,NA,NA,NA
"C9orf102",2.5433399884589e-05,NA,NA,NA,NA,NA,NA,NA,NA,NA,NA,0.0143058784354296,NA
"CALU",8.60545271783586e-05,NA,NA,NA,NA,NA,NA,NA,NA,NA,NA,NA,NA
"CASK",2.45863845579342e-05,NA,NA,NA,NA,NA,NA,NA,NA,NA,NA,0.0105555402947765,NA
"CASP2",0.000120709454004664,NA,NA,NA,NA,NA,NA,NA,NA,NA,8.80910643640265e-05,NA,NA
"CCDC28B",3.2743020978776e-05,NA,NA,NA,NA,NA,NA,NA,NA,NA,NA,NA,NA
"CCDC59",0.00055961627528045,NA,NA,NA,NA,NA,NA,NA,NA,NA,NA,NA,NA
"CCNY",0.000176605344288205,NA,NA,NA,NA,NA,NA,NA,NA,NA,NA,NA,NA
"CENTD3",0.000408766227659507,NA,NA,NA,NA,NA,NA,NA,NA,NA,NA,NA,NA
"CEP170L",0.000352748438426143,NA,NA,NA,NA,NA,NA,NA,NA,NA,NA,NA,NA
"COPS4",0.000100186488212528,NA,NA,NA,NA,NA,NA,NA,NA,NA,NA,NA,NA
"CTBP1",0.000175204291836262,NA,NA,NA,NA,NA,NA,NA,NA,NA,NA,NA,NA
"CXCR7",4.96310866170413e-05,NA,NA,NA,NA,NA,NA,NA,NA,NA,NA,NA,NA
"DAXX",0.000161692572945293,NA,NA,NA,NA,NA,NA,NA,NA,NA,NA,NA,NA
"DCTN6",0.000209938153320599,NA,NA,NA,NA,NA,NA,NA,NA,NA,NA,NA,NA
"DDIT3",2.04780206906063e-05,NA,NA,NA,NA,NA,NA,NA,NA,NA,NA,NA,NA
"DDX24",0.000323118593310912,NA,NA,NA,NA,NA,NA,NA,NA,NA,NA,NA,NA
"DEAF1",0.000555001142060751,NA,NA,NA,NA,NA,NA,NA,NA,NA,NA,NA,NA
"DGKZ",3.84498936482069e-05,NA,NA,NA,NA,NA,NA,NA,NA,NA,NA,NA,NA
"DMRT3",0.000282573435966049,NA,NA,NA,NA,NA,NA,NA,NA,NA,NA,NA,NA
"ENTPD7",8.79392869916895e-05,NA,NA,NA,NA,NA,NA,NA,NA,NA,NA,NA,NA
"FAM131C",0.000582589051602578,NA,NA,NA,NA,NA,NA,NA,NA,NA,NA,NA,NA
"FAM27E3",0.000362524271982245,NA,NA,NA,NA,NA,NA,NA,NA,NA,NA,NA,NA
"FJX1",5.25025718365324e-05,NA,NA,NA,NA,NA,NA,NA,NA,NA,6.37837319042989e-05,NA,NA
"FKBP5",0.000357237578635705,NA,NA,NA,NA,NA,NA,NA,NA,NA,NA,NA,NA
"GAST",3.86854200890019e-05,NA,NA,NA,NA,NA,NA,NA,NA,NA,NA,NA,NA
"H3F3B",0.000239148128949207,NA,NA,NA,NA,NA,NA,NA,NA,NA,NA,NA,NA
"HACE1",0.000207441655213803,NA,NA,NA,NA,NA,NA,NA,NA,NA,NA,NA,NA
"HIBCH",2.39118858442744e-05,NA,NA,NA,NA,NA,NA,NA,NA,NA,NA,NA,NA
"HPS1",0.000405393572032842,NA,NA,NA,NA,NA,NA,NA,NA,NA,NA,NA,NA
"HYAL3",0.000286585556632857,NA,NA,NA,NA,NA,NA,NA,NA,NA,NA,NA,NA
"ITGAE",9.4842684340013e-05,NA,NA,NA,NA,NA,NA,NA,NA,NA,NA,NA,NA
"JAK1",0.000110978167003228,NA,NA,NA,NA,NA,NA,NA,NA,NA,NA,NA,NA
"JMJD2B",0.000291525800221959,NA,NA,NA,NA,NA,NA,NA,NA,NA,NA,NA,NA
"KREMEN2",5.82058709526212e-05,NA,NA,NA,NA,NA,NA,NA,NA,NA,NA,NA,NA
"LEF1",0.000426553515709749,NA,NA,NA,NA,NA,NA,NA,NA,NA,NA,NA,NA
"LILRB5",1.41697545922304e-05,NA,NA,NA,NA,NA,NA,NA,NA,NA,NA,NA,NA
"LRRC62",0.000336570088533383,NA,NA,NA,NA,NA,NA,NA,NA,NA,NA,NA,NA
"LRRC8D",2.37896621191336e-06,NA,NA,NA,NA,NA,NA,NA,NA,NA,NA,NA,NA
"LSM3",9.88800653978217e-06,NA,NA,NA,NA,NA,NA,NA,NA,NA,NA,NA,NA
"MAP3K2",2.36734263828753e-05,NA,NA,NA,NA,NA,NA,NA,NA,NA,NA,NA,NA
"MAPKAPK3",0.000315262578928333,NA,NA,NA,NA,NA,NA,NA,NA,NA,NA,NA,NA
"MARCKSL1",0.00035536490150534,NA,NA,NA,NA,NA,NA,NA,NA,NA,NA,NA,NA
"MCEE",8.87141112815293e-05,NA,NA,NA,NA,NA,NA,NA,NA,NA,NA,NA,NA
"MICALCL",0.000572136753853036,NA,NA,NA,NA,NA,NA,NA,NA,NA,NA,NA,NA
"MLL3",0.000215217023071368,NA,NA,NA,NA,NA,NA,NA,NA,NA,NA,NA,NA
"MMP17",0.000125264983407369,NA,NA,NA,NA,NA,NA,NA,NA,NA,NA,NA,NA
"MORN3",0.000564017170282538,NA,NA,NA,NA,NA,NA,NA,NA,NA,NA,NA,NA
"MRPL39",0.000230414927372302,NA,NA,NA,NA,NA,NA,NA,NA,NA,NA,NA,NA
"MSI1",0.000482322483798869,NA,NA,NA,NA,NA,NA,NA,NA,NA,NA,NA,NA
"MTF2",0.00029763830421925,NA,NA,NA,NA,NA,NA,NA,NA,NA,NA,NA,NA
"NANOS1",0.000486017409275674,NA,NA,NA,NA,NA,NA,NA,NA,NA,NA,NA,NA
"NDUFS4",0.000436143153514146,NA,NA,NA,NA,NA,NA,NA,NA,NA,NA,NA,NA
"NEFH",0.000128339092066221,NA,NA,NA,NA,NA,NA,NA,NA,NA,NA,NA,NA
"NEURL2",0.000459163340836399,NA,NA,NA,NA,NA,NA,NA,NA,NA,NA,NA,NA
"NFKBIA",0.000149307100352103,NA,NA,NA,NA,NA,NA,NA,NA,NA,NA,NA,NA
"NFKBIE",0.000186420506733564,NA,NA,NA,NA,NA,NA,NA,NA,NA,NA,NA,NA
"OR1D2",3.52236781554494e-05,NA,NA,NA,NA,NA,NA,NA,NA,NA,NA,NA,NA
"OSMR",0.000535496318965767,NA,NA,NA,NA,NA,NA,NA,NA,NA,NA,NA,NA
"PAIP2",5.95852772596883e-05,NA,NA,NA,NA,NA,NA,NA,NA,NA,NA,NA,NA
"PAPSS1",0.000349525185710076,NA,NA,NA,NA,NA,NA,NA,NA,NA,NA,NA,NA
"PFKFB1",7.65649662374246e-05,NA,NA,NA,NA,NA,NA,NA,NA,NA,NA,NA,NA
"PIGP",9.13035126838269e-05,NA,NA,NA,NA,NA,NA,NA,NA,NA,NA,NA,NA
"PKP2",0.000130751243684446,NA,NA,NA,NA,NA,NA,NA,NA,NA,NA,NA,NA
"PMAIP1",0.000273847117604697,NA,NA,NA,NA,NA,NA,NA,NA,NA,NA,NA,NA
"PPP4R2",0.000565953070387537,NA,NA,NA,NA,NA,NA,NA,NA,NA,NA,NA,NA
"PTGES3",0.000219927181408397,NA,NA,NA,NA,NA,NA,NA,NA,NA,NA,NA,NA
"RASGRP1",0.00042519600632851,NA,NA,NA,NA,NA,NA,NA,NA,NA,NA,NA,NA
"RBM15B",0.00041734116879133,NA,NA,NA,NA,NA,NA,NA,NA,NA,NA,NA,NA
"REEP5",0.000216276882284094,NA,NA,NA,NA,NA,NA,NA,NA,NA,NA,NA,NA
"REPS1",0.000180160656266692,NA,NA,NA,NA,NA,NA,NA,NA,NA,NA,NA,NA
"RPS6KA1",3.84866942999551e-05,NA,NA,NA,NA,NA,NA,NA,NA,NA,NA,NA,NA
"RYBP",5.6452613889979e-05,NA,NA,NA,NA,NA,NA,NA,NA,NA,NA,NA,NA
"SKP1A",0.000206025358843065,NA,NA,NA,NA,NA,NA,NA,NA,NA,NA,NA,NA
"SLC24A6",4.86539925604879e-05,NA,NA,NA,NA,NA,NA,NA,NA,NA,NA,NA,NA
"SLC35F2",5.33412329395411e-06,NA,NA,NA,NA,NA,NA,NA,NA,NA,NA,NA,NA
"SLC39A14",0.00037907762891265,NA,NA,NA,NA,NA,NA,NA,NA,NA,NA,NA,NA
"SMCR5",0.000237993013778914,NA,NA,NA,NA,NA,NA,NA,NA,NA,NA,NA,NA
"ST8SIA2",0.000366511070917563,NA,NA,NA,NA,NA,NA,NA,NA,NA,NA,NA,NA
"TATDN1",0.000190371776912945,NA,NA,NA,NA,NA,NA,NA,NA,NA,NA,NA,NA
"TRAF3",0.000202564809803851,NA,NA,NA,NA,NA,NA,NA,NA,NA,NA,NA,NA
"TRIM33",3.37334680436951e-05,NA,NA,NA,NA,NA,NA,NA,NA,NA,NA,NA,NA
"TRIM44",0.000215461099932979,NA,NA,NA,NA,NA,NA,NA,NA,NA,NA,NA,NA
"ZFYVE20",0.000177209080969076,NA,NA,NA,NA,NA,NA,NA,NA,NA,NA,NA,NA
"ZNF136",0.00016125206161155,NA,NA,NA,NA,NA,NA,NA,NA,NA,NA,NA,NA
"ZNF672",0.000359595878124286,NA,NA,NA,NA,NA,NA,NA,NA,NA,NA,NA,NA
"ZNF773",0.000401123181727026,NA,NA,NA,NA,NA,NA,NA,NA,NA,NA,NA,NA
"ABHD8",NA,0.00111671077569953,NA,NA,NA,NA,NA,NA,NA,NA,NA,NA,NA
"ACAN",NA,0.00160657633305838,NA,NA,NA,NA,NA,NA,NA,NA,NA,NA,NA
"ACVR2A",NA,0.00152944405762101,NA,NA,NA,NA,NA,NA,NA,NA,NA,NA,NA
"ADAMTSL4",NA,0.00174603411981455,NA,NA,NA,NA,NA,NA,NA,NA,NA,NA,NA
"AGK",NA,0.00065914192207206,8.18589413805748e-05,NA,NA,NA,NA,NA,NA,NA,NA,NA,NA
"AGMAT",NA,0.001463723324996,NA,NA,NA,NA,NA,NA,NA,NA,NA,NA,NA
"AHCYL1",NA,0.00179960779464017,NA,NA,NA,NA,NA,NA,NA,NA,NA,NA,NA
"ANKRD26",NA,0.000378021393737438,NA,NA,NA,NA,NA,NA,NA,NA,NA,NA,NA
"APOL2",NA,0.000111152561220629,NA,NA,NA,NA,NA,NA,NA,NA,NA,NA,NA
"APOL3",NA,0.000429411869420693,NA,NA,NA,NA,NA,NA,NA,NA,NA,NA,NA
"ARMC2",NA,0.000111344170792393,NA,NA,NA,NA,NA,NA,NA,NA,NA,NA,NA
"ASB9",NA,0.000588396729362839,3.1428708169412e-05,NA,NA,NA,NA,NA,NA,NA,NA,NA,NA
"BUD31",NA,0.000592399432699953,NA,NA,NA,NA,NA,NA,NA,NA,NA,NA,NA
"C16orf78",NA,0.000949732747784648,0.00150424959923368,NA,NA,NA,NA,NA,NA,NA,NA,NA,NA
"C17orf60",NA,0.000760157236224912,NA,NA,NA,NA,NA,NA,NA,NA,NA,NA,NA
"C1orf157",NA,5.21930591725894e-05,0.00271357719143672,NA,NA,NA,NA,NA,NA,NA,NA,NA,NA
"C1QTNF4",NA,0.000645351817882056,0.00133861221649101,NA,NA,NA,NA,NA,NA,NA,NA,NA,NA
"C6orf57",NA,6.66969516806004e-05,NA,NA,NA,NA,NA,NA,NA,NA,NA,NA,NA
"C7orf27",NA,8.69641454548375e-05,0.00206018743571845,NA,NA,NA,NA,NA,NA,NA,NA,NA,NA
"C7orf47",NA,0.00214618148648815,0.000414424623563225,NA,0.00193995460838581,NA,NA,NA,NA,NA,NA,NA,NA
"C9orf131",NA,0.00121455376224455,0.000102770276047437,NA,NA,NA,NA,NA,NA,NA,NA,NA,NA
"CAPN3",NA,0.00127994964930833,NA,NA,NA,NA,NA,NA,NA,NA,NA,NA,NA
"CCDC24",NA,0.000794312986934775,NA,NA,NA,0.00356322117635166,NA,NA,NA,NA,NA,NA,NA
"CIDEA",NA,0.000142566998354243,NA,NA,NA,NA,NA,NA,NA,NA,NA,NA,NA
"CIITA",NA,0.00206678076071731,NA,NA,NA,NA,NA,NA,NA,NA,NA,NA,NA
"COL9A1",NA,0.000889935968434896,NA,NA,NA,NA,NA,NA,NA,NA,NA,NA,NA
"CRCT1",NA,0.00108391021560861,NA,NA,NA,NA,NA,NA,NA,NA,NA,NA,NA
"CRYBB3",NA,0.00157768272264547,NA,NA,NA,NA,NA,NA,NA,NA,NA,NA,NA
"CTSD",NA,0.000590349155811243,NA,NA,NA,NA,NA,NA,NA,NA,NA,NA,NA
"CX40.1",NA,0.000369474361242461,0.00209213353471538,NA,NA,NA,NA,NA,NA,NA,NA,NA,NA
"CYP2A13",NA,0.00184757035297423,NA,NA,NA,NA,NA,NA,NA,NA,NA,NA,NA
"DMTF1",NA,0.00129155847637874,NA,NA,NA,NA,NA,NA,NA,NA,NA,NA,NA
"EDG5",NA,0.00160990866218957,NA,NA,NA,NA,NA,NA,NA,NA,NA,NA,NA
"F2R",NA,0.00131044552940451,NA,NA,NA,NA,NA,NA,NA,NA,NA,NA,NA
"FAIM2",NA,0.00105285481021666,0.00324257246845427,NA,NA,NA,NA,NA,NA,NA,NA,NA,NA
"FAM133B",NA,0.00105905109366056,NA,NA,NA,NA,NA,NA,NA,NA,NA,NA,NA
"FGFBP2",NA,0.00117799348265935,NA,NA,NA,NA,NA,NA,NA,NA,NA,NA,NA
"GATAD1",NA,0.000157386389143088,0.00313812268829716,NA,NA,NA,NA,NA,NA,NA,NA,NA,NA
"GDF15",NA,0.000336472528720377,0.000579741921006516,NA,NA,NA,NA,NA,NA,NA,NA,NA,NA
"GTF2IRD2",NA,0.00106401615023088,NA,NA,NA,NA,NA,NA,NA,NA,NA,NA,NA
"HAP1",NA,0.000770341168438882,NA,NA,NA,NA,NA,NA,NA,NA,NA,NA,NA
"HD",NA,0.00202778714475138,NA,NA,NA,NA,NA,NA,NA,NA,NA,NA,NA
"HOXA2",NA,0.00139255550663286,NA,NA,NA,NA,NA,NA,NA,NA,NA,NA,NA
"HOXB2",NA,0.00200730048898912,NA,NA,NA,NA,NA,NA,NA,NA,NA,NA,NA
"HSD17B14",NA,0.000448964703760657,0.0019096320875257,NA,NA,NA,NA,NA,NA,NA,NA,NA,NA
"IFI35",NA,0.00214108102626598,NA,NA,NA,NA,NA,NA,NA,NA,NA,NA,NA
"IL15",NA,0.000433323767464633,0.00194848874462628,NA,NA,NA,NA,NA,NA,NA,NA,NA,NA
"IL18BP",NA,0.000537376110483212,NA,NA,NA,NA,NA,NA,NA,NA,NA,NA,NA
"KBTBD2",NA,0.00182100785704264,0.000351359461914336,NA,NA,NA,NA,NA,NA,NA,NA,NA,NA
"KCNJ10",NA,0.000227429035902338,NA,NA,NA,NA,NA,NA,NA,NA,NA,NA,NA
"KIAA0195",NA,0.000546646360281566,NA,NA,NA,NA,NA,NA,NA,NA,NA,NA,NA
"KIAA1549",NA,0.00064951176091943,0.00171545695632069,NA,NA,NA,NA,NA,NA,NA,NA,NA,NA
"LOC554248",NA,0.000528643917640848,NA,NA,NA,NA,NA,NA,NA,NA,NA,NA,NA
"MGC16384",NA,0.00110007206713614,NA,NA,NA,NA,NA,NA,NA,NA,NA,NA,NA
"N6AMT1",NA,0.000558435519079969,0.0016697025674467,NA,NA,NA,NA,NA,NA,NA,NA,NA,NA
"NDUFA4",NA,0.00147203265677742,NA,NA,NA,NA,NA,NA,NA,NA,NA,NA,NA
"NODAL",NA,0.00131438997067734,NA,NA,NA,NA,NA,NA,NA,NA,NA,NA,NA
"OLFM3",NA,0.00141586439142427,NA,NA,NA,NA,NA,NA,NA,NA,NA,NA,NA
"OR5AS1",NA,0.00082960100728724,0.000671338232779206,NA,NA,NA,0.00815097159350264,NA,NA,NA,NA,NA,NA
"PDCD1LG2",NA,0.00214108102626598,NA,NA,NA,NA,NA,NA,NA,NA,NA,NA,0.00828440349112536
"PDXDC2",NA,0.0010131811647357,NA,NA,NA,NA,NA,NA,NA,NA,NA,NA,NA
"PGRMC2",NA,0.00103716245384811,NA,NA,NA,NA,NA,NA,NA,NA,NA,NA,NA
"PILRB",NA,0.00168421162127919,0.0010054597165331,NA,NA,NA,NA,NA,NA,NA,NA,NA,NA
"PLA2G2F",NA,0.00106648588986769,0.00100165340624925,NA,NA,NA,NA,NA,NA,NA,NA,NA,NA
"PLD4",NA,0.00141533536790361,0.00197247521722377,NA,NA,NA,NA,NA,NA,NA,NA,NA,NA
"PLEKHM2",NA,0.000473862620019916,NA,NA,NA,NA,NA,NA,NA,NA,NA,NA,NA
"PMS2L3",NA,0.000526435129928005,NA,NA,NA,NA,NA,NA,NA,NA,NA,NA,NA
"POLH",NA,0.00120430684526374,NA,NA,NA,NA,NA,NA,NA,NA,NA,NA,NA
"PRF1",NA,0.000396751945874185,NA,NA,NA,NA,NA,NA,NA,NA,NA,NA,NA
"PSPN",NA,0.00198616230993964,NA,NA,NA,NA,NA,NA,NA,NA,NA,NA,NA
"PTCD1",NA,0.0013974332335458,0.000896297554331182,NA,NA,NA,NA,NA,NA,NA,NA,NA,NA
"RAB5C",NA,0.0014193086627321,NA,NA,NA,NA,NA,NA,NA,NA,NA,NA,NA
"RCP9",NA,0.000971497467582516,0.001570556011529,NA,NA,NA,NA,NA,NA,NA,NA,NA,NA
"RDH12",NA,0.000557643802266639,NA,NA,NA,NA,NA,NA,NA,NA,NA,NA,NA
"RNF24",NA,0.000869323098564245,0.000762630252192475,NA,NA,NA,NA,NA,NA,NA,NA,NA,NA
"RSBN1L",NA,0.00166009615124807,0.00113258970977781,NA,NA,NA,NA,NA,NA,NA,NA,NA,NA
"RUNX1",NA,0.00011957928406392,NA,NA,NA,NA,NA,NA,NA,NA,NA,NA,NA
"SAP30BP",NA,0.00152776203336502,NA,NA,NA,NA,NA,NA,NA,NA,NA,NA,NA
"SCARB2",NA,0.00141958545677801,NA,NA,NA,NA,NA,NA,NA,NA,NA,NA,NA
"SECTM1",NA,0.00064637556170688,NA,NA,NA,NA,NA,NA,NA,NA,NA,NA,NA
"SETD4",NA,0.00160735605939399,NA,NA,0.000493639496186082,0.00122445483002831,NA,NA,NA,NA,NA,NA,NA
"SEZ6",NA,0.000503602848604068,0.00106241942433516,NA,NA,NA,NA,NA,NA,NA,NA,NA,NA
"SIRPB1",NA,0.000637434914676493,NA,NA,NA,NA,NA,NA,NA,NA,NA,NA,NA
"SLC45A1",NA,0.0010124988037078,NA,NA,NA,NA,NA,NA,NA,NA,NA,NA,NA
"SLCO6A1",NA,0.00204521436841565,NA,NA,NA,NA,NA,NA,NA,NA,NA,NA,NA
"SMURF1",NA,0.00069870415868345,0.000429361287242136,NA,NA,NA,NA,NA,NA,NA,NA,NA,NA
"SNIP1",NA,0.00152680745103118,NA,0.00292408382080456,NA,NA,NA,0.00292408382080456,NA,NA,NA,NA,NA
"SSBP1",NA,5.53235742695168e-05,NA,NA,NA,NA,NA,NA,NA,NA,NA,NA,NA
"STRA6",NA,0.000163637547508144,NA,NA,NA,NA,NA,NA,NA,NA,NA,NA,NA
"TEAD2",NA,0.00213125797511637,NA,NA,NA,NA,NA,NA,NA,NA,NA,NA,NA
"TINP1",NA,0.000160437568575755,0.000109426120163736,NA,NA,NA,NA,NA,NA,NA,NA,NA,NA
"TMEPAI",NA,0.000513773896677394,0.000398977188596605,NA,NA,NA,NA,NA,NA,NA,NA,NA,NA
"TNFRSF11B",NA,0.00149037345025371,NA,NA,NA,NA,NA,NA,0.00343548385309533,NA,NA,NA,NA
"TOM1L1",NA,0.00191448655314819,0.00263186789207492,NA,NA,NA,NA,NA,NA,NA,NA,NA,NA
"TRIP6",NA,0.00125779242301605,0.000298774794766699,NA,NA,NA,NA,NA,NA,NA,NA,NA,NA
"TTYH2",NA,0.000822781316844101,0.00343467286084809,NA,NA,NA,NA,NA,NA,NA,NA,NA,NA
"TUSC5",NA,0.00191325371820772,0.000548740329608499,NA,NA,NA,NA,NA,NA,NA,NA,NA,NA
"UAP1",NA,0.000112163878566385,0.00024912809760258,NA,NA,NA,NA,NA,NA,NA,NA,NA,NA
"VTA1",NA,0.000873217607894605,NA,NA,NA,NA,NA,NA,NA,NA,NA,NA,NA
"ZNF225",NA,0.000855988526622942,NA,NA,NA,NA,NA,NA,NA,NA,NA,NA,NA
"ABCG2",NA,NA,0.00346987230317375,NA,NA,NA,NA,NA,NA,NA,NA,NA,NA
"ADAMTS6",NA,NA,0.00155856559318546,NA,NA,NA,NA,NA,NA,NA,NA,NA,NA
"ADCY9",NA,NA,0.00298295432491769,NA,NA,NA,NA,NA,NA,NA,NA,NA,NA
"ARV1",NA,NA,0.000448102886821067,NA,NA,NA,NA,NA,NA,NA,NA,NA,NA
"ATP6V1F",NA,NA,0.00148228419757757,NA,NA,NA,NA,NA,NA,NA,NA,NA,NA
"BCDIN3D",NA,NA,0.0023008581517503,NA,NA,NA,NA,NA,NA,NA,NA,NA,NA
"BMP8A",NA,NA,0.00158339967174903,NA,NA,NA,NA,NA,NA,NA,NA,NA,NA
"C1orf182",NA,NA,0.00150521737555276,NA,NA,NA,NA,NA,NA,NA,NA,NA,NA
"C20orf7",NA,NA,0.00139278730009473,NA,NA,NA,NA,NA,NA,NA,NA,NA,NA
"C7orf26",NA,NA,0.00200703034901961,NA,NA,NA,NA,NA,NA,NA,NA,NA,NA
"COL27A1",NA,NA,0.000500863616503922,NA,NA,NA,NA,NA,NA,0.000448262489889384,NA,NA,NA
"CST2",NA,NA,0.00070870580761484,NA,NA,NA,NA,NA,NA,NA,NA,NA,NA
"DDX21",NA,NA,0.00257720639437331,NA,NA,NA,NA,NA,NA,NA,NA,NA,NA
"DHX37",NA,NA,0.00207426162019397,NA,NA,NA,NA,NA,NA,NA,NA,NA,NA
"DPY19L2P1",NA,NA,0.0032230417877972,NA,NA,NA,NA,NA,NA,NA,NA,NA,NA
"DUSP28",NA,NA,0.0018349087425491,NA,NA,NA,NA,NA,NA,NA,NA,NA,NA
"FAM130A1",NA,NA,5.30557613452887e-05,NA,NA,NA,NA,NA,NA,NA,NA,NA,NA
"FBXO44",NA,NA,0.000609718231260659,NA,NA,NA,NA,NA,NA,NA,NA,NA,NA
"GGH",NA,NA,0.00114505224108885,NA,NA,NA,NA,NA,NA,NA,NA,NA,NA
"GH1",NA,NA,0.000467964507008034,NA,NA,NA,NA,NA,NA,NA,NA,NA,NA
"GP1BA",NA,NA,0.00300143105392758,NA,NA,NA,NA,NA,NA,NA,NA,NA,NA
"GSG1",NA,NA,0.0033448022057545,NA,NA,NA,NA,NA,NA,NA,NA,NA,NA
"GTF2H5",NA,NA,0.00138160608645843,NA,NA,NA,NA,NA,NA,NA,NA,NA,NA
"GTF2I",NA,NA,0.00292209181489,NA,NA,NA,NA,NA,NA,NA,NA,0.0143058784354296,NA
"HIBADH",NA,NA,0.00109403684295184,NA,NA,NA,NA,NA,NA,NA,NA,NA,NA
"KCNJ3",NA,NA,0.00292517039472451,NA,NA,NA,NA,NA,NA,NA,NA,NA,NA
"KCTD5",NA,NA,0.00318749828098597,NA,NA,NA,NA,NA,NA,NA,NA,NA,NA
"LGMN",NA,NA,0.0024581876619103,NA,NA,NA,NA,NA,NA,NA,NA,NA,NA
"LIMK1",NA,NA,0.00232463793901616,NA,NA,NA,0.00815097159350264,NA,NA,NA,NA,NA,NA
"LOC126520",NA,NA,0.00269159553681808,NA,NA,NA,NA,NA,NA,NA,NA,NA,NA
"MANBAL",NA,NA,0.00341679301335207,NA,NA,NA,NA,NA,NA,NA,NA,NA,NA
"MARCH5",NA,NA,0.00324992205705565,NA,NA,NA,NA,NA,NA,NA,NA,0.0105555402947765,NA
"MEA1",NA,NA,0.0024384876433442,NA,NA,NA,NA,NA,NA,NA,NA,NA,NA
"MGC13008",NA,NA,0.000770888081399801,NA,NA,NA,NA,NA,NA,NA,NA,NA,NA
"NFATC2",NA,NA,0.0015836586621476,NA,NA,NA,NA,NA,NA,NA,NA,0.00229023406464413,NA
"NIT2",NA,NA,0.000769047811040258,NA,NA,NA,NA,NA,NA,NA,NA,0.0105555402947765,NA
"NPEPL1",NA,NA,0.000753115905364199,NA,NA,NA,NA,NA,NA,NA,NA,NA,NA
"OR6A2",NA,NA,0.00321763759957916,NA,NA,NA,NA,NA,NA,NA,NA,NA,NA
"PANX2",NA,NA,0.000899326657478272,NA,NA,NA,NA,NA,NA,NA,NA,NA,NA
"PLOD1",NA,NA,0.00319111985733134,NA,NA,NA,NA,NA,NA,NA,NA,NA,NA
"PLSCR3",NA,NA,0.00207466208761564,NA,NA,NA,NA,NA,NA,NA,NA,NA,NA
"PRKAG3",NA,NA,0.000865337582761527,NA,NA,NA,NA,NA,NA,NA,NA,NA,NA
"PRKCI",NA,NA,0.00113350335031459,NA,NA,NA,NA,NA,NA,NA,NA,NA,NA
"PRPF38A",NA,NA,0.00137107423557015,NA,NA,NA,NA,NA,NA,NA,NA,NA,NA
"PTK2B",NA,NA,0.00287372749039982,NA,NA,NA,NA,NA,NA,NA,NA,NA,NA
"RFXDC2",NA,NA,0.000455548003058692,NA,NA,NA,NA,NA,NA,NA,NA,NA,NA
"RHOD",NA,NA,0.00103168230665773,NA,NA,NA,NA,NA,NA,NA,NA,NA,NA
"RNF141",NA,NA,0.0026502467653986,NA,NA,NA,NA,NA,NA,NA,NA,NA,NA
"SLC22A16",NA,NA,0.00175306670847808,NA,NA,NA,NA,NA,NA,NA,NA,NA,NA
"SMOX",NA,NA,0.00192649958652091,NA,NA,NA,NA,NA,NA,NA,NA,NA,NA
"SMUG1",NA,NA,0.000652348790403767,NA,NA,NA,NA,NA,NA,NA,NA,NA,NA
"SPAG4",NA,NA,0.000300257967846385,NA,NA,NA,NA,NA,NA,NA,NA,NA,0.00760649772677968
"SYNGAP1",NA,NA,0.00306063980995008,NA,NA,NA,NA,NA,NA,NA,NA,NA,NA
"SYT5",NA,NA,0.00224975485595447,NA,NA,NA,NA,NA,NA,NA,NA,NA,NA
"TGM5",NA,NA,0.00234264899078107,NA,NA,NA,NA,NA,NA,NA,NA,NA,NA
"THRA",NA,NA,0.00350181988337173,NA,NA,NA,NA,NA,NA,NA,NA,NA,NA
"TIMP1",NA,NA,0.00212896185871336,NA,NA,NA,NA,NA,NA,NA,NA,NA,NA
"TMEM155",NA,NA,0.00240290587111458,NA,NA,NA,NA,NA,NA,NA,NA,NA,NA
"ULK1",NA,NA,0.00160691412738934,NA,NA,NA,NA,NA,NA,NA,NA,NA,NA
"UNQ9391",NA,NA,0.00133506985247056,NA,NA,NA,NA,NA,NA,NA,NA,NA,NA
"VPS41",NA,NA,0.00277022314521058,NA,NA,0.00140759877047836,NA,NA,NA,NA,NA,NA,NA
"WBSCR28",NA,NA,0.00200900239949497,NA,NA,NA,NA,NA,NA,NA,NA,0.00229023406464413,NA
"ZNF26",NA,NA,0.00167034257910326,NA,NA,NA,NA,NA,NA,NA,NA,NA,NA
"ZNF420",NA,NA,0.00103580036917306,NA,NA,NA,NA,NA,NA,NA,NA,0.00558098413683927,NA
"ZNF792",NA,NA,0.0010860774108723,NA,NA,NA,NA,NA,NA,NA,NA,NA,NA
"ZNF92",NA,NA,0.00228038583761458,NA,NA,NA,NA,NA,NA,NA,NA,NA,NA
"ACADM",NA,NA,NA,0.000845627388257442,NA,NA,NA,0.000845627388257442,NA,NA,NA,NA,NA
"ARFGEF1",NA,NA,NA,0.00177321028746658,NA,NA,NA,0.00177321028746658,NA,NA,NA,NA,NA
"ATF7",NA,NA,NA,0.00100607133526576,NA,NA,NA,0.00100607133526576,NA,NA,NA,NA,NA
"BZRAP1",NA,NA,NA,0.0032204795857117,NA,NA,NA,0.0032204795857117,NA,NA,NA,NA,NA
"C12orf24",NA,NA,NA,0.00177321028746658,NA,NA,NA,0.00177321028746658,NA,NA,NA,NA,NA
"C5",NA,NA,NA,0.000845627388257442,NA,NA,NA,0.000845627388257442,NA,NA,NA,NA,NA
"C6orf159",NA,NA,NA,0.00177251302584736,NA,NA,NA,0.00177251302584736,NA,NA,NA,NA,NA
"CBX8",NA,NA,NA,3.00058261444303e-05,NA,NA,NA,3.00058261444303e-05,NA,NA,NA,NA,NA
"CCL25",NA,NA,NA,0.00075007422499429,NA,NA,NA,0.00075007422499429,NA,NA,NA,NA,NA
"CDH18",NA,NA,NA,0.00304106944183657,NA,NA,NA,0.00304106944183657,NA,NA,NA,NA,NA
"CDKL1",NA,NA,NA,0.00353830805885702,NA,NA,NA,0.00353830805885702,NA,NA,NA,NA,NA
"CENTG1",NA,NA,NA,0.00120187720581288,NA,NA,NA,0.00120187720581288,NA,NA,NA,NA,NA
"CEP70",NA,NA,NA,0.000312386679207188,NA,NA,NA,0.000312386679207188,NA,NA,NA,NA,NA
"CISD1",NA,NA,NA,0.0028154534755287,NA,NA,NA,0.0028154534755287,NA,NA,NA,NA,NA
"CLTA",NA,NA,NA,0.00120187720581288,NA,NA,NA,0.00120187720581288,NA,NA,NA,NA,NA
"COPB2",NA,NA,NA,0.00419178073588533,NA,NA,NA,0.00419178073588533,NA,NA,NA,NA,NA
"CUL3",NA,NA,NA,0.00353830805885702,NA,NA,NA,0.00353830805885702,NA,NA,NA,NA,NA
"CXorf23",NA,NA,NA,0.00250906854051447,NA,NA,NA,0.00250906854051447,NA,NA,NA,NA,NA
"DDEF1",NA,NA,NA,0.00320817441720489,NA,NA,NA,0.00320817441720489,NA,NA,NA,NA,NA
"DDI2",NA,NA,NA,0.00177321028746658,NA,NA,NA,0.00177321028746658,NA,NA,NA,NA,NA
"DDX19A",NA,NA,NA,0.00224782654183897,NA,NA,NA,0.00224782654183897,NA,NA,NA,NA,NA
"DHX29",NA,NA,NA,0.00243309150928173,NA,NA,NA,0.00243309150928173,NA,NA,NA,NA,NA
"DPY19L3",NA,NA,NA,0.00256778117166112,NA,NA,NA,0.00256778117166112,NA,NA,NA,NA,NA
"EFHA2",NA,NA,NA,0.000485404051289939,NA,NA,NA,0.000485404051289939,NA,NA,NA,NA,NA
"EGR3",NA,NA,NA,0.00315141640073269,NA,NA,NA,0.00315141640073269,NA,NA,NA,NA,NA
"EMILIN3",NA,NA,NA,0.00126833402869786,NA,NA,NA,0.00126833402869786,NA,NA,NA,NA,NA
"ERCC1",NA,NA,NA,0.00363107825026499,NA,NA,NA,0.00363107825026499,NA,NA,NA,NA,NA
"ERCC5",NA,NA,NA,0.00324897895088361,NA,NA,NA,0.00324897895088361,NA,NA,NA,NA,NA
"FLJ10241",NA,NA,NA,0.00177321028746658,NA,NA,NA,0.00177321028746658,NA,NA,NA,NA,NA
"FLJ14803",NA,NA,NA,0.00411579731940148,NA,NA,NA,0.00411579731940148,NA,NA,NA,NA,NA
"FLJ25801",NA,NA,NA,0.00217097111453934,NA,NA,NA,0.00217097111453934,NA,NA,NA,NA,NA
"FLJ37543",NA,NA,NA,0.00353830805885702,NA,NA,NA,0.00353830805885702,NA,NA,NA,NA,NA
"FUT1",NA,NA,NA,0.00353830805885702,NA,NA,NA,0.00353830805885702,NA,NA,NA,NA,NA
"GALNTL1",NA,NA,NA,0.00294234377301739,NA,NA,NA,0.00294234377301739,NA,NA,NA,NA,NA
"GAS8",NA,NA,NA,0.00075007422499429,NA,NA,NA,0.00075007422499429,NA,NA,NA,NA,NA
"GCM2",NA,NA,NA,0.00292408382080456,NA,NA,NA,0.00292408382080456,NA,NA,NA,NA,NA
"GJB5",NA,NA,NA,0.00217097111453934,NA,NA,NA,0.00217097111453934,NA,NA,NA,NA,NA
"GNAT1",NA,NA,NA,0.00075007422499429,NA,NA,NA,0.00075007422499429,NA,NA,NA,NA,NA
"GNG12",NA,NA,NA,0.00177321028746658,NA,NA,NA,0.00177321028746658,NA,NA,NA,NA,NA
"GTF2H1",NA,NA,NA,0.00070401356093619,NA,NA,NA,0.00070401356093619,NA,NA,NA,NA,NA
"GUSBL1",NA,NA,NA,0.00315141640073269,NA,NA,NA,0.00315141640073269,NA,NA,NA,NA,NA
"HK2",NA,NA,NA,0.000268775825989054,NA,NA,NA,0.000268775825989054,NA,NA,NA,NA,NA
"HMG1L1",NA,NA,NA,0.000151690904386825,NA,NA,NA,0.000151690904386825,NA,NA,NA,NA,NA
"HMGB1",NA,NA,NA,0.00129863789735529,NA,NA,NA,0.00129863789735529,NA,NA,NA,NA,NA
"HNRPUL1",NA,NA,NA,0.00126833402869786,NA,NA,NA,0.00126833402869786,NA,NA,NA,NA,NA
"HRC",NA,NA,NA,0.00292408382080456,NA,NA,NA,0.00292408382080456,NA,NA,NA,NA,NA
"HS3ST2",NA,NA,NA,0.00304048953420022,NA,NA,NA,0.00304048953420022,NA,NA,NA,NA,NA
"HSBP1",NA,NA,NA,0.00293478013304938,NA,NA,NA,0.00293478013304938,NA,NA,NA,NA,NA
"INTS1",NA,NA,NA,0.00158035560124592,NA,NA,NA,0.00158035560124592,NA,NA,NA,NA,NA
"KIAA1627",NA,NA,NA,0.00393335738969991,NA,NA,NA,0.00393335738969991,NA,NA,NA,NA,NA
"KIAA1797",NA,NA,NA,0.00235933172001579,NA,NA,NA,0.00235933172001579,NA,NA,NA,NA,NA
"KIR3DX1",NA,NA,NA,0.00100781719988552,NA,NA,NA,0.00100781719988552,NA,NA,NA,NA,NA
"LOC388969",NA,NA,NA,0.00175235457935463,NA,NA,NA,0.00175235457935463,NA,NA,NA,NA,NA
"LPO",NA,NA,NA,0.00389806142044324,NA,NA,NA,0.00389806142044324,NA,NA,NA,NA,NA
"LYVE1",NA,NA,NA,0.00304589974017277,NA,NA,NA,0.00304589974017277,NA,NA,NA,NA,NA
"MAGEE1",NA,NA,NA,0.0032204795857117,NA,NA,NA,0.0032204795857117,NA,NA,NA,NA,NA
"MGAM",NA,NA,NA,0.00377186843007493,NA,NA,NA,0.00377186843007493,NA,NA,NA,NA,NA
"MRPL1",NA,NA,NA,0.00353830805885702,NA,NA,NA,0.00353830805885702,NA,NA,NA,NA,NA
"MRPL15",NA,NA,NA,0.00363107825026499,NA,NA,NA,0.00363107825026499,NA,NA,NA,NA,NA
"MUTED",NA,NA,NA,0.00411579731940148,NA,NA,NA,0.00411579731940148,NA,NA,NA,NA,NA
"MYCBP2",NA,NA,NA,0.00194954624177812,NA,NA,NA,0.00194954624177812,NA,NA,NA,NA,NA
"NADK",NA,NA,NA,0.000485404051289939,NA,NA,NA,0.000485404051289939,NA,NA,NA,NA,NA
"NANP",NA,NA,NA,0.000564616943443341,NA,NA,NA,0.000564616943443341,NA,NA,NA,NA,NA
"NCAPG2",NA,NA,NA,0.00353830805885702,NA,NA,NA,0.00353830805885702,NA,NA,NA,NA,NA
"NCBP2",NA,NA,NA,0.00389144448791046,NA,0.00143988452296095,NA,0.00389144448791046,NA,NA,NA,NA,NA
"NUTF2",NA,NA,NA,0.00177321028746658,NA,NA,NA,0.00177321028746658,NA,NA,NA,NA,NA
"OR5D16",NA,NA,NA,0.00075007422499429,NA,NA,NA,0.00075007422499429,NA,NA,NA,NA,NA
"PCYOX1L",NA,NA,NA,0.00229395928272613,NA,NA,NA,0.00229395928272613,NA,NA,NA,NA,NA
"PDE1A",NA,NA,NA,0.00304106944183657,NA,NA,NA,0.00304106944183657,NA,NA,NA,NA,NA
"PIAS2",NA,NA,NA,0.00235933172001579,NA,NA,NA,0.00235933172001579,NA,NA,NA,NA,NA
"PLEKHA1",NA,NA,NA,0.00377186843007493,NA,NA,NA,0.00377186843007493,NA,NA,NA,NA,NA
"PNRC2",NA,NA,NA,0.00377186843007493,NA,NA,NA,0.00377186843007493,NA,NA,NA,NA,NA
"PRDM12",NA,NA,NA,0.00377186843007493,NA,NA,NA,0.00377186843007493,NA,NA,NA,NA,NA
"PTPLA",NA,NA,NA,0.00294234377301739,NA,NA,NA,0.00294234377301739,NA,NA,NA,NA,NA
"RBP5",NA,NA,NA,0.00226497754554278,NA,NA,NA,0.00226497754554278,NA,NA,NA,NA,NA
"RCVRN",NA,NA,NA,0.000485404051289939,NA,NA,NA,0.000485404051289939,NA,NA,NA,NA,NA
"RER1",NA,NA,NA,0.00177321028746658,NA,NA,NA,0.00177321028746658,NA,NA,NA,NA,NA
"RNF41",NA,NA,NA,0.0032204795857117,NA,NA,NA,0.0032204795857117,NA,NA,NA,NA,NA
"RPGRIP1L",NA,NA,NA,0.00353830805885702,0.00205305224761276,NA,NA,0.00353830805885702,NA,NA,NA,NA,NA
"RWDD4A",NA,NA,NA,0.00131873926892268,NA,NA,NA,0.00131873926892268,NA,NA,NA,NA,NA
"SERBP1",NA,NA,NA,0.00414416769151416,NA,NA,NA,0.00414416769151416,NA,NA,NA,NA,NA
"SH2D4A",NA,NA,NA,0.00177321028746658,NA,NA,NA,0.00177321028746658,NA,NA,NA,NA,NA
"SIPA1L3",NA,NA,NA,0.00120187720581288,NA,NA,NA,0.00120187720581288,NA,NA,NA,NA,NA
"SLC6A9",NA,NA,NA,0.00075007422499429,NA,NA,NA,0.00075007422499429,NA,NA,NA,NA,NA
"SRP19",NA,NA,NA,0.00252582209287266,NA,NA,NA,0.00252582209287266,NA,NA,NA,NA,NA
"SYF2",NA,NA,NA,0.000485404051289939,NA,NA,NA,0.000485404051289939,NA,NA,NA,NA,NA
"SYS1",NA,NA,NA,0.00291630497975337,NA,NA,NA,0.00291630497975337,NA,NA,NA,NA,NA
"TBX19",NA,NA,NA,0.00315141640073269,NA,NA,NA,0.00315141640073269,NA,NA,NA,NA,NA
"TMC2",NA,NA,NA,0.00358860170593389,NA,NA,NA,0.00358860170593389,NA,NA,NA,NA,NA
"TMEM107",NA,NA,NA,0.00176174523951222,NA,NA,NA,0.00176174523951222,NA,NA,NA,NA,NA
"TPSAB1",NA,NA,NA,0.00177321028746658,NA,NA,NA,0.00177321028746658,NA,NA,NA,NA,NA
"TYK2",NA,NA,NA,0.00075007422499429,NA,NA,NA,0.00075007422499429,NA,NA,NA,NA,NA
"VIPR1",NA,NA,NA,0.00219921687866109,NA,NA,NA,0.00219921687866109,NA,NA,NA,NA,NA
"WDR34",NA,NA,NA,0.00259705579527159,NA,NA,NA,0.00259705579527159,NA,NA,NA,NA,NA
"WDR73",NA,NA,NA,0.00367135868588853,NA,NA,NA,0.00367135868588853,NA,NA,NA,NA,NA
"ZFP41",NA,NA,NA,0.00116341425791133,NA,NA,NA,0.00116341425791133,NA,NA,NA,NA,NA
"ZNF383",NA,NA,NA,0.000845627388257442,NA,NA,NA,0.000845627388257442,NA,NA,NA,NA,NA
"ZNF574",NA,NA,NA,0.00195241896358278,NA,NA,NA,0.00195241896358278,NA,NA,NA,NA,NA
"ZNF701",NA,NA,NA,0.00363107825026499,NA,NA,NA,0.00363107825026499,NA,NA,NA,NA,NA
"ALG3",NA,NA,NA,NA,0.00197496325279145,NA,NA,NA,NA,NA,NA,NA,NA
"ARHGAP20",NA,NA,NA,NA,0.00297521629919995,NA,NA,NA,NA,NA,NA,NA,NA
"ARL5A",NA,NA,NA,NA,0.00316032750078699,NA,NA,NA,NA,NA,NA,NA,NA
"ATIC",NA,NA,NA,NA,0.00286465794317803,NA,NA,NA,NA,NA,0.000615464262151644,NA,NA
"ATPIF1",NA,NA,NA,NA,0.00115224857425444,NA,NA,NA,NA,NA,NA,NA,NA
"BMP5",NA,NA,NA,NA,0.00253946516733838,NA,NA,NA,NA,NA,NA,NA,NA
"BMPR2",NA,NA,NA,NA,0.0011042075422758,NA,NA,NA,NA,NA,NA,NA,NA
"BUD13",NA,NA,NA,NA,0.00191718989019762,NA,NA,NA,NA,NA,NA,NA,NA
"C14orf93",NA,NA,NA,NA,0.000925292361342311,NA,NA,NA,NA,NA,NA,NA,NA
"C17orf46",NA,NA,NA,NA,0.00325466429564103,NA,NA,NA,NA,NA,NA,NA,NA
"C18orf23",NA,NA,NA,NA,0.00245893396580876,0.00241880768114,NA,NA,NA,NA,NA,NA,NA
"C1orf34",NA,NA,NA,NA,8.93273655582227e-05,0.00132138432354867,NA,NA,NA,NA,NA,NA,NA
"C1orf78",NA,NA,NA,NA,0.00171712577217875,NA,NA,NA,NA,NA,NA,NA,NA
"C21orf86",NA,NA,NA,NA,0.000730874464622056,0.0025141684426877,NA,NA,NA,NA,NA,NA,NA
"C9orf3",NA,NA,NA,NA,0.000855015994607022,NA,NA,NA,NA,NA,NA,NA,NA
"CAD",NA,NA,NA,NA,0.00209555741742373,0.00350841736479346,NA,NA,NA,NA,NA,NA,NA
"CCDC40",NA,NA,NA,NA,0.00244307680326872,0.000719894931233034,NA,NA,NA,NA,NA,NA,NA
"CCNG2",NA,NA,NA,NA,0.00196221460443091,NA,NA,NA,NA,NA,NA,NA,NA
"CCT3",NA,NA,NA,NA,0.000511158504990505,0.000470355200555939,NA,NA,NA,NA,NA,NA,NA
"CENPT",NA,NA,NA,NA,0.00152357469014763,NA,NA,NA,NA,NA,NA,NA,NA
"CHD6",NA,NA,NA,NA,0.00180898165558885,NA,NA,NA,NA,NA,NA,NA,NA
"CXorf56",NA,NA,NA,NA,0.00230558369758083,NA,NA,NA,NA,NA,NA,NA,NA
"CYP11B1",NA,NA,NA,NA,0.00235214417835139,NA,NA,NA,NA,NA,NA,NA,NA
"DBI",NA,NA,NA,NA,0.00178724310159828,NA,NA,NA,NA,NA,NA,NA,NA
"DCAKD",NA,NA,NA,NA,0.00330965443482989,NA,NA,NA,NA,NA,NA,NA,NA
"DKFZp434K191",NA,NA,NA,NA,0.00111590616056156,NA,NA,NA,NA,NA,NA,NA,NA
"DNA2L",NA,NA,NA,NA,0.00106034062530691,NA,NA,NA,NA,NA,NA,NA,NA
"DNAJC18",NA,NA,NA,NA,0.00238011360405155,0.000990953775354186,NA,NA,NA,NA,NA,NA,NA
"DYM",NA,NA,NA,NA,0.00294384557157623,NA,NA,NA,NA,NA,NA,NA,NA
"EID1",NA,NA,NA,NA,0.000970912774596377,NA,NA,NA,NA,NA,NA,NA,NA
"FABP4",NA,NA,NA,NA,0.00172812186924198,NA,NA,NA,NA,NA,NA,NA,NA
"FCRL5",NA,NA,NA,NA,0.000767248531346132,0.00142887994766949,NA,NA,NA,NA,NA,NA,0.0100207877388093
"FGF12",NA,NA,NA,NA,0.0011777760324988,0.00250775901870282,NA,NA,NA,NA,NA,NA,NA
"FGF7",NA,NA,NA,NA,0.00164020883124494,NA,NA,NA,NA,NA,NA,NA,NA
"FGFR2",NA,NA,NA,NA,0.00231398176437725,0.00138405669028896,NA,NA,NA,NA,NA,NA,NA
"FLJ32065",NA,NA,NA,NA,0.00275511083515378,0.0038211173906566,NA,NA,NA,NA,NA,NA,NA
"FREQ",NA,NA,NA,NA,0.0025258293144983,NA,NA,NA,NA,NA,NA,NA,NA
"GART",NA,NA,NA,NA,0.00128503229024957,0.00128539335124267,NA,NA,NA,NA,NA,NA,NA
"GCS1",NA,NA,NA,NA,0.00228588765424698,NA,NA,NA,NA,NA,NA,NA,NA
"GDF9",NA,NA,NA,NA,0.000249326955473861,0.00120830806000471,NA,NA,NA,NA,NA,NA,NA
"GPR116",NA,NA,NA,NA,0.000712247144856515,0.00199853748434642,NA,NA,NA,NA,NA,NA,NA
"GPR176",NA,NA,NA,NA,0.00335274980852751,NA,NA,NA,NA,NA,NA,NA,NA
"HAPLN2",NA,NA,NA,NA,0.00335811449702972,NA,NA,NA,NA,NA,NA,NA,NA
"HEATR6",NA,NA,NA,NA,0.000641179314005758,NA,NA,NA,NA,NA,NA,NA,NA
"HERC3",NA,NA,NA,NA,0.000153209101400265,0.00100794652874359,NA,NA,NA,NA,NA,NA,NA
"HLA-DOB",NA,NA,NA,NA,0.00159924844584691,NA,NA,NA,NA,NA,NA,NA,NA
"HMX2",NA,NA,NA,NA,0.00328376988638168,NA,NA,NA,NA,NA,NA,NA,NA
"ID3",NA,NA,NA,NA,0.000522214712346036,0.0026944059020475,NA,NA,NA,NA,NA,NA,NA
"IL4I1",NA,NA,NA,NA,0.00214341998008849,0.000624873559739392,NA,NA,NA,NA,NA,NA,NA
"IRX6",NA,NA,NA,NA,0.00168937797874613,NA,NA,NA,NA,NA,NA,NA,NA
"JAM2",NA,NA,NA,NA,0.000367081273500491,NA,NA,NA,NA,NA,NA,NA,NA
"JAM3",NA,NA,NA,NA,0.00129964693441764,NA,NA,NA,NA,NA,NA,NA,NA
"JUNB",NA,NA,NA,NA,0.00273554970439271,NA,NA,NA,NA,NA,NA,NA,NA
"KCNG4",NA,NA,NA,NA,0.000815075248094321,NA,NA,NA,NA,NA,NA,NA,NA
"KCTD10",NA,NA,NA,NA,0.0013879840640254,0.0023783740435448,NA,NA,NA,NA,NA,NA,NA
"KIAA0319",NA,NA,NA,NA,0.00145221939219209,0.00252132424179285,NA,NA,NA,NA,NA,NA,NA
"KIAA1957",NA,NA,NA,NA,0.00318886036605515,NA,NA,NA,NA,NA,NA,NA,NA
"LOC150223",NA,NA,NA,NA,0.00129605462123961,0.0018320046567718,NA,NA,NA,NA,NA,NA,NA
"MEF2C",NA,NA,NA,NA,0.00218972627532577,NA,NA,NA,NA,NA,0.000444290440616668,NA,NA
"MGC3207",NA,NA,NA,NA,0.000368029018989469,NA,NA,NA,NA,NA,NA,NA,NA
"OR4C6",NA,NA,NA,NA,0.0018800686195396,0.00134586288855354,NA,NA,NA,NA,NA,NA,NA
"PAQR8",NA,NA,NA,NA,0.00143833568449758,0.00252906497857164,NA,NA,NA,NA,NA,NA,NA
"PCMTD1",NA,NA,NA,NA,0.000967841816426729,0.00386122830921121,NA,NA,NA,NA,NA,NA,NA
"PDCL",NA,NA,NA,NA,0.00243696299012641,0.000877826135718851,NA,NA,NA,NA,NA,NA,NA
"PIGY",NA,NA,NA,NA,0.00182519795402203,NA,NA,NA,NA,NA,NA,NA,NA
"PITPNB",NA,NA,NA,NA,0.000350508811678751,NA,NA,NA,NA,NA,NA,NA,NA
"PITX2",NA,NA,NA,NA,0.00134779098948312,NA,NA,NA,NA,NA,NA,NA,NA
"PMS2L11",NA,NA,NA,NA,0.00142176011398187,NA,NA,NA,NA,NA,NA,NA,NA
"PPP3CA",NA,NA,NA,NA,0.00043420416716633,0.000330937070987858,NA,NA,NA,NA,4.08973086649667e-05,NA,NA
"PTRH2",NA,NA,NA,NA,0.000315695630059176,0.00308972790850925,NA,NA,NA,NA,NA,NA,NA
"QKI",NA,NA,NA,NA,0.00278949548989194,NA,NA,NA,NA,NA,NA,NA,NA
"RAB14",NA,NA,NA,NA,0.00222197208907893,NA,NA,NA,NA,NA,NA,NA,NA
"RCHY1",NA,NA,NA,NA,0.00285722542892253,NA,NA,NA,NA,NA,NA,NA,NA
"RNF168",NA,NA,NA,NA,0.0022363677312881,NA,NA,NA,NA,NA,NA,NA,NA
"SMAD2",NA,NA,NA,NA,0.00269396237682873,0.00286188648238417,NA,NA,NA,NA,NA,NA,NA
"SNCAIP",NA,NA,NA,NA,0.000194228310565592,0.00147132045632536,NA,NA,NA,NA,NA,NA,NA
"SPP2",NA,NA,NA,NA,0.00086444235248595,NA,NA,NA,NA,NA,NA,NA,NA
"SPTLC1",NA,NA,NA,NA,0.003366699711435,NA,NA,NA,NA,NA,NA,NA,NA
"SV2C",NA,NA,NA,NA,0.00293075840423651,NA,NA,NA,NA,NA,NA,NA,NA
"TAF10",NA,NA,NA,NA,0.00217308879814571,NA,NA,NA,NA,NA,NA,NA,NA
"TEK",NA,NA,NA,NA,0.00216727482865531,0.000715783629174349,NA,NA,NA,NA,NA,NA,NA
"TERF2IP",NA,NA,NA,NA,0.00197816159347042,NA,NA,NA,NA,NA,NA,NA,NA
"TIA1",NA,NA,NA,NA,0.00134162360772594,NA,NA,NA,NA,NA,NA,NA,NA
"TMEM34",NA,NA,NA,NA,0.00133360598103527,NA,NA,NA,NA,NA,NA,NA,NA
"TMEM47",NA,NA,NA,NA,0.00234133111864465,0.0024145136429462,NA,NA,NA,NA,NA,NA,NA
"TMPRSS11B",NA,NA,NA,NA,0.00309270879872392,NA,NA,NA,NA,NA,NA,NA,NA
"TRAF6",NA,NA,NA,NA,0.0018928054823143,NA,NA,NA,NA,NA,NA,NA,NA
"TSPAN14",NA,NA,NA,NA,0.00234611216626812,NA,NA,NA,NA,NA,NA,NA,NA
"TTC17",NA,NA,NA,NA,0.00175852368661678,NA,NA,NA,NA,NA,NA,NA,NA
"UNQ9433",NA,NA,NA,NA,0.00290521167767688,NA,NA,NA,NA,NA,NA,NA,NA
"USP51",NA,NA,NA,NA,0.00261295452467969,NA,NA,NA,NA,NA,NA,NA,NA
"WFDC3",NA,NA,NA,NA,0.00158170663337054,NA,NA,NA,NA,NA,NA,NA,NA
"ZNF304",NA,NA,NA,NA,0.000604162361491634,0.00310149636083334,NA,NA,NA,NA,NA,NA,NA
"ZNF610",NA,NA,NA,NA,0.00210393507443596,0.00286508300181121,NA,NA,NA,NA,NA,NA,NA
"ZNF692",NA,NA,NA,NA,0.000187030165528346,0.000345795192432941,NA,NA,NA,NA,NA,NA,NA
"ZNF766",NA,NA,NA,NA,0.00300986945598225,NA,NA,NA,NA,NA,NA,NA,NA
"ZRANB1",NA,NA,NA,NA,0.000380097055771911,NA,NA,NA,NA,NA,NA,NA,NA
"AMZ2",NA,NA,NA,NA,NA,0.00317844083042684,NA,NA,NA,NA,NA,NA,NA
"APCS",NA,NA,NA,NA,NA,0.00239255822803075,NA,NA,NA,NA,NA,NA,NA
"ARHGAP23",NA,NA,NA,NA,NA,0.000520118513718359,NA,NA,NA,NA,NA,NA,NA
"BACH2",NA,NA,NA,NA,NA,0.00109763922603912,NA,NA,NA,NA,NA,NA,NA
"BIRC6",NA,NA,NA,NA,NA,0.0010919875063814,NA,NA,NA,NA,NA,NA,NA
"C14orf43",NA,NA,NA,NA,NA,0.00183700257023156,NA,NA,NA,NA,NA,NA,NA
"C1orf32",NA,NA,NA,NA,NA,0.000745171335020833,NA,NA,NA,NA,NA,NA,NA
"C20orf12",NA,NA,NA,NA,NA,0.00268949038595734,NA,NA,NA,NA,NA,NA,NA
"CA8",NA,NA,NA,NA,NA,0.00109076074531589,NA,NA,NA,NA,NA,NA,NA
"CAMK4",NA,NA,NA,NA,NA,0.00144267193686731,NA,NA,NA,NA,NA,NA,NA
"CARHSP1",NA,NA,NA,NA,NA,0.00181575434779968,NA,NA,NA,NA,NA,NA,NA
"CCDC88B",NA,NA,NA,NA,NA,0.000266361891817835,NA,NA,NA,NA,NA,NA,NA
"CLCN2",NA,NA,NA,NA,NA,0.00350634653383941,NA,NA,NA,NA,NA,NA,NA
"DCHS1",NA,NA,NA,NA,NA,0.00192598167875024,NA,NA,NA,NA,NA,NA,NA
"DDX25",NA,NA,NA,NA,NA,0.00363694217194244,NA,NA,NA,NA,NA,NA,NA
"ENPP6",NA,NA,NA,NA,NA,0.00382496530574783,NA,NA,0.00798619697682923,NA,NA,NA,NA
"ESAM",NA,NA,NA,NA,NA,0.00178309704820456,NA,NA,NA,NA,NA,NA,NA
"FADS3",NA,NA,NA,NA,NA,0.00277175085130232,NA,NA,NA,NA,NA,NA,NA
"FBXO21",NA,NA,NA,NA,NA,0.00284218197277364,NA,NA,NA,NA,NA,NA,NA
"FBXO34",NA,NA,NA,NA,NA,0.0038073837708642,NA,NA,NA,NA,NA,NA,NA
"FER",NA,NA,NA,NA,NA,0.00265898347842941,NA,NA,NA,NA,NA,NA,NA
"FLJ35848",NA,NA,NA,NA,NA,0.00343135592087918,NA,NA,NA,NA,NA,NA,NA
"FRS3",NA,NA,NA,NA,NA,0.00182594207498932,NA,NA,NA,NA,NA,NA,NA
"GNRH2",NA,NA,NA,NA,NA,0.00152053431824273,NA,NA,NA,NA,NA,NA,NA
"HEY2",NA,NA,NA,NA,NA,0.000715721104388556,NA,NA,NA,NA,NA,NA,NA
"HHEX",NA,NA,NA,NA,NA,0.00288064705603419,NA,NA,NA,NA,NA,NA,NA
"HM13",NA,NA,NA,NA,NA,0.00320206458264771,NA,NA,NA,NA,NA,NA,NA
"ILF2",NA,NA,NA,NA,NA,0.00136736514526126,NA,NA,NA,NA,NA,NA,NA
"ING3",NA,NA,NA,NA,NA,0.00375026620315444,NA,NA,NA,NA,NA,NA,NA
"KIAA1576",NA,NA,NA,NA,NA,0.00318292154154154,NA,NA,NA,NA,NA,NA,NA
"KITLG",NA,NA,NA,NA,NA,0.00371209216510215,NA,NA,NA,NA,NA,NA,NA
"LCE4A",NA,NA,NA,NA,NA,0.00362125222042498,NA,NA,0.0100823935664083,NA,NA,NA,NA
"LSM14A",NA,NA,NA,NA,NA,0.00120906099056262,NA,NA,NA,NA,NA,NA,NA
"MDK",NA,NA,NA,NA,NA,0.00268428001914223,NA,NA,NA,NA,NA,NA,NA
"NME1",NA,NA,NA,NA,NA,0.00196693709197693,NA,NA,NA,NA,NA,NA,NA
"NME3",NA,NA,NA,NA,NA,0.00386669409994489,NA,NA,NA,NA,NA,NA,NA
"OSBPL1A",NA,NA,NA,NA,NA,0.00330920571591431,NA,NA,NA,NA,NA,NA,NA
"OTOP2",NA,NA,NA,NA,NA,0.00104345832039543,NA,NA,NA,NA,NA,NA,NA
"PELI2",NA,NA,NA,NA,NA,0.00287292956933916,NA,NA,NA,0.000514422791358382,NA,NA,NA
"PFDN2",NA,NA,NA,NA,NA,0.00355347586038024,NA,NA,NA,NA,NA,NA,NA
"POLG2",NA,NA,NA,NA,NA,0.00386345302002156,NA,NA,NA,NA,NA,NA,NA
"PRR10",NA,NA,NA,NA,NA,0.00284274273199947,NA,NA,NA,NA,NA,NA,NA
"PRRG1",NA,NA,NA,NA,NA,0.000513354871920391,NA,NA,NA,NA,NA,NA,NA
"RAP2A",NA,NA,NA,NA,NA,0.00173587827019872,NA,NA,NA,NA,NA,NA,NA
"RASIP1",NA,NA,NA,NA,NA,0.000356075065012673,NA,NA,NA,NA,NA,NA,NA
"ROBO4",NA,NA,NA,NA,NA,0.00373948379511402,NA,NA,NA,NA,NA,NA,NA
"SAV1",NA,NA,NA,NA,NA,0.00367957957456522,NA,NA,NA,NA,NA,NA,NA
"SEPT7",NA,NA,NA,NA,NA,0.000629267736816264,NA,NA,NA,NA,NA,NA,NA
"SGCZ",NA,NA,NA,NA,NA,0.00116352699007227,NA,NA,NA,NA,NA,NA,NA
"SNX10",NA,NA,NA,NA,NA,0.000747712225777963,NA,NA,NA,NA,NA,NA,NA
"SPARCL1",NA,NA,NA,NA,NA,0.000946798257810411,NA,NA,NA,NA,NA,NA,NA
"SPIN2B",NA,NA,NA,NA,NA,0.00245852196317964,NA,NA,NA,NA,NA,NA,NA
"TBC1D9",NA,NA,NA,NA,NA,0.00195052153131503,NA,NA,NA,NA,NA,NA,NA
"TCTE1",NA,NA,NA,NA,NA,0.00218994016489105,NA,NA,NA,NA,NA,NA,NA
"TMEM63B",NA,NA,NA,NA,NA,0.00243582517274721,NA,NA,NA,NA,NA,NA,NA
"URB1",NA,NA,NA,NA,NA,0.00259569056031472,NA,NA,NA,NA,NA,NA,NA
"USP6",NA,NA,NA,NA,NA,0.00130764657187155,NA,NA,NA,NA,NA,NA,NA
"VPS45",NA,NA,NA,NA,NA,0.00329363284407846,NA,NA,NA,NA,NA,NA,NA
"VWF",NA,NA,NA,NA,NA,0.00337512050975419,NA,NA,NA,NA,NA,NA,NA
"ZBTB10",NA,NA,NA,NA,NA,0.00201380502841819,NA,NA,NA,NA,NA,NA,NA
"ZFYVE1",NA,NA,NA,NA,NA,0.00316438543344866,NA,NA,NA,NA,NA,NA,NA
"ZMYND15",NA,NA,NA,NA,NA,0.00327527843248265,NA,NA,NA,NA,NA,NA,NA
"ZNF582",NA,NA,NA,NA,NA,0.00264503334736899,NA,NA,NA,NA,NA,NA,NA
"A4GALT",NA,NA,NA,NA,NA,NA,0.00815097159350264,NA,NA,NA,NA,NA,NA
"ACR",NA,NA,NA,NA,NA,NA,0.00815097159350264,NA,NA,NA,NA,NA,NA
"ACVR1C",NA,NA,NA,NA,NA,NA,0.00815097159350264,NA,NA,NA,NA,NA,NA
"AP4M1",NA,NA,NA,NA,NA,NA,0.00815097159350264,NA,NA,NA,NA,NA,NA
"ATG9A",NA,NA,NA,NA,NA,NA,0.00815097159350264,NA,NA,NA,NA,NA,NA
"ATP5H",NA,NA,NA,NA,NA,NA,0.00815097159350264,NA,NA,NA,NA,NA,NA
"BCR",NA,NA,NA,NA,NA,NA,0.00815097159350264,NA,NA,NA,NA,NA,NA
"BPIL2",NA,NA,NA,NA,NA,NA,0.00815097159350264,NA,NA,NA,NA,NA,NA
"BRPF1",NA,NA,NA,NA,NA,NA,0.00815097159350264,NA,NA,NA,NA,NA,NA
"C14orf147",NA,NA,NA,NA,NA,NA,0.00815097159350264,NA,0.0100823935664083,NA,NA,NA,NA
"C20orf42",NA,NA,NA,NA,NA,NA,0.00815097159350264,NA,NA,NA,NA,NA,NA
"C21orf57",NA,NA,NA,NA,NA,NA,0.00815097159350264,NA,NA,NA,NA,NA,NA
"C21orf84",NA,NA,NA,NA,NA,NA,0.00815097159350264,NA,NA,NA,NA,NA,NA
"C6orf136",NA,NA,NA,NA,NA,NA,0.00815097159350264,NA,NA,NA,NA,NA,NA
"C8orf42",NA,NA,NA,NA,NA,NA,0.00815097159350264,NA,NA,NA,NA,NA,NA
"C8orf55",NA,NA,NA,NA,NA,NA,0.00815097159350264,NA,NA,NA,NA,NA,NA
"C9orf7",NA,NA,NA,NA,NA,NA,0.00815097159350264,NA,NA,NA,NA,NA,NA
"C9orf78",NA,NA,NA,NA,NA,NA,0.00815097159350264,NA,NA,NA,NA,NA,NA
"CCDC94",NA,NA,NA,NA,NA,NA,0.00815097159350264,NA,NA,NA,NA,NA,NA
"CETN1",NA,NA,NA,NA,NA,NA,0.00815097159350264,NA,NA,NA,NA,NA,NA
"CETN3",NA,NA,NA,NA,NA,NA,0.00815097159350264,NA,NA,NA,NA,NA,NA
"COPG",NA,NA,NA,NA,NA,NA,0.00815097159350264,NA,NA,NA,NA,NA,NA
"COPS7B",NA,NA,NA,NA,NA,NA,0.00815097159350264,NA,NA,NA,NA,NA,NA
"CPSF1",NA,NA,NA,NA,NA,NA,0.00815097159350264,NA,NA,NA,NA,NA,NA
"CRIP2",NA,NA,NA,NA,NA,NA,0.00815097159350264,NA,NA,NA,NA,NA,NA
"DCN",NA,NA,NA,NA,NA,NA,0.00815097159350264,NA,NA,NA,NA,NA,NA
"DGCR6",NA,NA,NA,NA,NA,NA,0.00815097159350264,NA,NA,NA,NA,NA,NA
"DMRT1",NA,NA,NA,NA,NA,NA,0.00815097159350264,NA,NA,NA,NA,NA,NA
"DRG2",NA,NA,NA,NA,NA,NA,0.00815097159350264,NA,NA,NA,NA,NA,NA
"DTNB",NA,NA,NA,NA,NA,NA,0.00815097159350264,NA,NA,NA,NA,NA,NA
"E4F1",NA,NA,NA,NA,NA,NA,0.00815097159350264,NA,NA,NA,NA,NA,NA
"ELOVL3",NA,NA,NA,NA,NA,NA,0.00815097159350264,NA,NA,NA,NA,NA,NA
"EPB49",NA,NA,NA,NA,NA,NA,0.00815097159350264,NA,NA,NA,NA,NA,NA
"FAM108A1",NA,NA,NA,NA,NA,NA,0.00815097159350264,NA,NA,NA,NA,NA,NA
"FAM108A3",NA,NA,NA,NA,NA,NA,0.00815097159350264,NA,NA,NA,NA,NA,NA
"FAM50A",NA,NA,NA,NA,NA,NA,0.00815097159350264,NA,NA,NA,NA,NA,NA
"GALNT13",NA,NA,NA,NA,NA,NA,0.00815097159350264,NA,NA,NA,NA,NA,NA
"GGA1",NA,NA,NA,NA,NA,NA,0.00815097159350264,NA,NA,NA,NA,NA,NA
"GLA",NA,NA,NA,NA,NA,NA,0.00815097159350264,NA,NA,NA,NA,NA,NA
"GRM3",NA,NA,NA,NA,NA,NA,0.00815097159350264,NA,NA,NA,NA,NA,NA
"KIAA0319L",NA,NA,NA,NA,NA,NA,0.00815097159350264,NA,NA,NA,NA,NA,NA
"KRT77",NA,NA,NA,NA,NA,NA,0.00815097159350264,NA,NA,NA,NA,NA,NA
"LARP5",NA,NA,NA,NA,NA,NA,0.00815097159350264,NA,NA,NA,NA,NA,NA
"LOC285398",NA,NA,NA,NA,NA,NA,0.00815097159350264,NA,NA,NA,NA,NA,NA
"LTBR",NA,NA,NA,NA,NA,NA,0.00815097159350264,NA,NA,NA,NA,NA,NA
"MAP2K3",NA,NA,NA,NA,NA,NA,0.00815097159350264,NA,NA,NA,NA,NA,NA
"MAPKBP1",NA,NA,NA,NA,NA,NA,0.00815097159350264,NA,NA,NA,NA,NA,NA
"MDH1",NA,NA,NA,NA,NA,NA,0.00815097159350264,NA,NA,NA,NA,NA,NA
"MED29",NA,NA,NA,NA,NA,NA,0.00815097159350264,NA,NA,NA,NA,NA,NA
"METTL5",NA,NA,NA,NA,NA,NA,0.00815097159350264,NA,NA,NA,NA,NA,NA
"MKNK2",NA,NA,NA,NA,NA,NA,0.00815097159350264,NA,NA,NA,NA,NA,NA
"NDUFB3",NA,NA,NA,NA,NA,NA,0.00815097159350264,NA,NA,NA,NA,NA,NA
"NEIL2",NA,NA,NA,NA,NA,NA,0.00815097159350264,NA,NA,NA,NA,NA,NA
"NOXA1",NA,NA,NA,NA,NA,NA,0.00815097159350264,NA,NA,NA,NA,NA,NA
"PIGQ",NA,NA,NA,NA,NA,NA,0.00815097159350264,NA,NA,NA,NA,NA,NA
"PLCG1",NA,NA,NA,NA,NA,NA,0.00815097159350264,NA,NA,NA,NA,NA,NA
"PNPLA7",NA,NA,NA,NA,NA,NA,0.00815097159350264,NA,NA,NA,NA,NA,NA
"PPP1R12C",NA,NA,NA,NA,NA,NA,0.00815097159350264,NA,NA,NA,NA,NA,NA
"PPP1R16A",NA,NA,NA,NA,NA,NA,0.00815097159350264,NA,NA,NA,NA,NA,NA
"PSMA3",NA,NA,NA,NA,NA,NA,0.00815097159350264,NA,NA,NA,NA,NA,NA
"RAI16",NA,NA,NA,NA,NA,NA,0.00815097159350264,NA,NA,NA,NA,NA,NA
"RDH13",NA,NA,NA,NA,NA,NA,0.00815097159350264,NA,NA,NA,NA,NA,NA
"RHBDD2",NA,NA,NA,NA,NA,NA,0.00815097159350264,NA,NA,NA,NA,NA,NA
"RNF207",NA,NA,NA,NA,NA,NA,0.00815097159350264,NA,NA,NA,NA,NA,NA
"RP13-102H20.1",NA,NA,NA,NA,NA,NA,0.00815097159350264,NA,NA,NA,NA,NA,NA
"SCARF1",NA,NA,NA,NA,NA,NA,0.00815097159350264,NA,NA,NA,NA,NA,NA
"SCRN2",NA,NA,NA,NA,NA,NA,0.00815097159350264,NA,NA,NA,NA,NA,NA
"SHANK3",NA,NA,NA,NA,NA,NA,0.00815097159350264,NA,NA,NA,NA,NA,NA
"SHARPIN",NA,NA,NA,NA,NA,NA,0.00815097159350264,NA,NA,NA,NA,NA,NA
"SLC13A2",NA,NA,NA,NA,NA,NA,0.00815097159350264,NA,NA,NA,NA,NA,NA
"SLC25A1",NA,NA,NA,NA,NA,NA,0.00815097159350264,NA,NA,NA,NA,NA,NA
"SLC37A4",NA,NA,NA,NA,NA,NA,0.00815097159350264,NA,NA,NA,0.000285428347017502,NA,NA
"SLC5A9",NA,NA,NA,NA,NA,NA,0.00815097159350264,NA,NA,NA,NA,NA,NA
"SPG7",NA,NA,NA,NA,NA,NA,0.00815097159350264,NA,NA,NA,NA,NA,NA
"SPSB3",NA,NA,NA,NA,NA,NA,0.00815097159350264,NA,NA,NA,NA,NA,NA
"STK25",NA,NA,NA,NA,NA,NA,0.00815097159350264,NA,NA,NA,NA,NA,NA
"STYK1",NA,NA,NA,NA,NA,NA,0.00815097159350264,NA,NA,NA,NA,NA,NA
"SUOX",NA,NA,NA,NA,NA,NA,0.00815097159350264,NA,NA,NA,NA,NA,NA
"TAZ",NA,NA,NA,NA,NA,NA,0.00815097159350264,NA,NA,NA,NA,NA,NA
"TCN1",NA,NA,NA,NA,NA,NA,0.00815097159350264,NA,NA,NA,NA,NA,NA
"TIGD2",NA,NA,NA,NA,NA,NA,0.00815097159350264,NA,NA,NA,NA,NA,NA
"TMEM181",NA,NA,NA,NA,NA,NA,0.00815097159350264,NA,NA,NA,NA,NA,NA
"TMEM63A",NA,NA,NA,NA,NA,NA,0.00815097159350264,NA,NA,NA,NA,NA,NA
"TNFRSF1A",NA,NA,NA,NA,NA,NA,0.00815097159350264,NA,NA,NA,NA,NA,NA
"TPPP",NA,NA,NA,NA,NA,NA,0.00815097159350264,NA,NA,NA,NA,NA,NA
"TUBGCP6",NA,NA,NA,NA,NA,NA,0.00815097159350264,NA,NA,NA,NA,NA,NA
"TWIST1",NA,NA,NA,NA,NA,NA,0.00815097159350264,NA,NA,NA,NA,NA,NA
"UBLCP1",NA,NA,NA,NA,NA,NA,0.00815097159350264,NA,NA,NA,NA,NA,NA
"UBXD5",NA,NA,NA,NA,NA,NA,0.00815097159350264,NA,NA,NA,NA,NA,NA
"USP20",NA,NA,NA,NA,NA,NA,0.00815097159350264,NA,NA,NA,NA,NA,NA
"WASF2",NA,NA,NA,NA,NA,NA,0.00815097159350264,NA,NA,NA,NA,NA,NA
"XPC",NA,NA,NA,NA,NA,NA,0.00815097159350264,NA,NA,NA,NA,NA,NA
"YWHAQ",NA,NA,NA,NA,NA,NA,0.00815097159350264,NA,NA,NA,NA,NA,NA
"ZFAND2B",NA,NA,NA,NA,NA,NA,0.00815097159350264,NA,NA,NA,NA,NA,NA
"ZFYVE19",NA,NA,NA,NA,NA,NA,0.00815097159350264,NA,NA,NA,NA,NA,NA
"ZNF257",NA,NA,NA,NA,NA,NA,0.00815097159350264,NA,NA,NA,NA,NA,NA
"ZNF473",NA,NA,NA,NA,NA,NA,0.00815097159350264,NA,NA,NA,NA,NA,NA
"ZNRF4",NA,NA,NA,NA,NA,NA,0.00815097159350264,NA,NA,NA,NA,NA,NA
"ACOX3",NA,NA,NA,NA,NA,NA,NA,NA,0.020649000436335,NA,NA,NA,NA
"AEBP2",NA,NA,NA,NA,NA,NA,NA,NA,0.00906588325217761,NA,NA,NA,NA
"ALOX12P2",NA,NA,NA,NA,NA,NA,NA,NA,0.0124080826223694,NA,NA,NA,NA
"APPL2",NA,NA,NA,NA,NA,NA,NA,NA,0.00906588325217761,NA,NA,NA,NA
"ATP6V1C1",NA,NA,NA,NA,NA,NA,NA,NA,0.00959992299050083,NA,NA,NA,NA
"BLR1",NA,NA,NA,NA,NA,NA,NA,NA,0.00234787796119751,NA,NA,NA,NA
"C14orf49",NA,NA,NA,NA,NA,NA,NA,NA,0.00906588325217761,NA,NA,NA,NA
"C1orf27",NA,NA,NA,NA,NA,NA,NA,NA,0.0124080826223694,NA,NA,NA,NA
"C5orf39",NA,NA,NA,NA,NA,NA,NA,NA,0.0030382504115517,NA,NA,NA,NA
"CALML6",NA,NA,NA,NA,NA,NA,NA,NA,0.00798619697682923,NA,NA,NA,NA
"CCBE1",NA,NA,NA,NA,NA,NA,NA,NA,0.0100823935664083,NA,NA,NA,NA
"CHM",NA,NA,NA,NA,NA,NA,NA,NA,0.0100823935664083,NA,NA,NA,NA
"CIB1",NA,NA,NA,NA,NA,NA,NA,NA,0.0112851862552602,NA,NA,NA,NA
"CITED4",NA,NA,NA,NA,NA,NA,NA,NA,0.0137172354395003,NA,NA,NA,NA
"CLASP2",NA,NA,NA,NA,NA,NA,NA,NA,0.0100823935664083,NA,NA,NA,NA
"CLIC1",NA,NA,NA,NA,NA,NA,NA,NA,0.0137172354395003,NA,NA,NA,NA
"CNO",NA,NA,NA,NA,NA,NA,NA,NA,0.00959992299050083,NA,NA,NA,NA
"CSRP3",NA,NA,NA,NA,NA,NA,NA,NA,0.0100823935664083,NA,NA,NA,NA
"CTNNA3",NA,NA,NA,NA,NA,NA,NA,NA,0.0112851862552602,NA,NA,NA,NA
"CXCL5",NA,NA,NA,NA,NA,NA,NA,NA,0.0112851862552602,NA,NA,NA,NA
"CYP46A1",NA,NA,NA,NA,NA,NA,NA,NA,0.0100823935664083,NA,NA,NA,NA
"DAZ4",NA,NA,NA,NA,NA,NA,NA,NA,0.0100823935664083,NA,NA,NA,NA
"DAZL",NA,NA,NA,NA,NA,NA,NA,NA,0.0100823935664083,NA,NA,NA,NA
"DEDD2",NA,NA,NA,NA,NA,NA,NA,NA,0.0100823935664083,NA,NA,NA,NA
"DKKL1",NA,NA,NA,NA,NA,NA,NA,NA,0.0112851862552602,NA,NA,NA,NA
"DMBX1",NA,NA,NA,NA,NA,NA,NA,NA,0.0100823935664083,NA,NA,NA,NA
"DNALI1",NA,NA,NA,NA,NA,NA,NA,NA,0.020649000436335,NA,NA,NA,NA
"DNASE1",NA,NA,NA,NA,NA,NA,NA,NA,0.0146443131638649,NA,NA,NA,NA
"EDAR",NA,NA,NA,NA,NA,NA,NA,NA,0.00892449729956968,NA,NA,NA,NA
"EGF",NA,NA,NA,NA,NA,NA,NA,NA,0.0100823935664083,NA,NA,NA,NA
"EIF3M",NA,NA,NA,NA,NA,NA,NA,NA,0.0100823935664083,NA,NA,NA,NA
"ELP4",NA,NA,NA,NA,NA,NA,NA,NA,0.00798619697682923,NA,NA,NA,NA
"EPN1",NA,NA,NA,NA,NA,NA,NA,NA,0.0112851862552602,NA,NA,NA,NA
"EPX",NA,NA,NA,NA,NA,NA,NA,NA,0.0124080826223694,NA,NA,NA,NA
"FABP5",NA,NA,NA,NA,NA,NA,NA,NA,0.0112851862552602,NA,NA,NA,NA
"FAM103A1",NA,NA,NA,NA,NA,NA,NA,NA,0.00906588325217761,NA,NA,NA,NA
"FGD1",NA,NA,NA,NA,NA,NA,NA,NA,0.0100823935664083,NA,NA,NA,NA
"FLJ45557",NA,NA,NA,NA,NA,NA,NA,NA,0.0100823935664083,NA,NA,NA,NA
"FUBP1",NA,NA,NA,NA,NA,NA,NA,NA,0.00270490131774359,NA,NA,NA,NA
"FUT7",NA,NA,NA,NA,NA,NA,NA,NA,0.00906588325217761,NA,NA,NA,NA
"G6PC2",NA,NA,NA,NA,NA,NA,NA,NA,0.0112851862552602,NA,NA,NA,NA
"GABPA",NA,NA,NA,NA,NA,NA,NA,NA,0.0100823935664083,NA,NA,NA,NA
"GCNT1",NA,NA,NA,NA,NA,NA,NA,NA,0.0124080826223694,NA,NA,NA,NA
"GNRHR",NA,NA,NA,NA,NA,NA,NA,NA,0.020649000436335,NA,NA,NA,NA
"GPC5",NA,NA,NA,NA,NA,NA,NA,NA,0.00234787796119751,NA,NA,NA,NA
"GSTM1",NA,NA,NA,NA,NA,NA,NA,NA,0.0124080826223694,NA,NA,NA,NA
"HIPK3",NA,NA,NA,NA,NA,NA,NA,NA,0.0124080826223694,NA,NA,NA,NA
"HMGCLL1",NA,NA,NA,NA,NA,NA,NA,NA,0.0124080826223694,NA,NA,NA,NA
"IL1RL2",NA,NA,NA,NA,NA,NA,NA,NA,0.0137172354395004,NA,NA,NA,NA
"JPH1",NA,NA,NA,NA,NA,NA,NA,NA,0.00798619697682923,0.00365937852862119,NA,NA,NA
"KIAA1033",NA,NA,NA,NA,NA,NA,NA,NA,0.020649000436335,NA,0.000304487647804663,NA,NA
"KIAA1383",NA,NA,NA,NA,NA,NA,NA,NA,0.00906588325217761,NA,NA,NA,NA
"KLHDC9",NA,NA,NA,NA,NA,NA,NA,NA,0.0100823935664083,NA,NA,NA,NA
"LGALS12",NA,NA,NA,NA,NA,NA,NA,NA,0.00798619697682923,NA,NA,NA,NA
"LOC91948",NA,NA,NA,NA,NA,NA,NA,NA,0.00775898367380801,NA,NA,NA,NA
"LYPD3",NA,NA,NA,NA,NA,NA,NA,NA,0.020649000436335,NA,NA,NA,NA
"MFAP5",NA,NA,NA,NA,NA,NA,NA,NA,0.020649000436335,NA,NA,NA,NA
"MFRP",NA,NA,NA,NA,NA,NA,NA,NA,0.0137172354395004,NA,NA,NA,NA
"MGC33846",NA,NA,NA,NA,NA,NA,NA,NA,0.00906588325217761,NA,NA,NA,NA
"MTX2",NA,NA,NA,NA,NA,NA,NA,NA,0.0112851862552602,NA,NA,NA,NA
"NAB1",NA,NA,NA,NA,NA,NA,NA,NA,0.00798619697682923,NA,NA,NA,NA
"NELL1",NA,NA,NA,NA,NA,NA,NA,NA,0.0124080826223694,NA,NA,NA,NA
"NLGN1",NA,NA,NA,NA,NA,NA,NA,NA,0.0112851862552602,NA,NA,NA,NA
"NLGN2",NA,NA,NA,NA,NA,NA,NA,NA,0.00906588325217761,NA,NA,NA,NA
"NTNG2",NA,NA,NA,NA,NA,NA,NA,NA,0.020649000436335,NA,NA,NA,NA
"NUDT21",NA,NA,NA,NA,NA,NA,NA,NA,0.0112851862552602,NA,NA,NA,NA
"OR4B1",NA,NA,NA,NA,NA,NA,NA,NA,0.00798619697682923,NA,NA,NA,NA
"OR5B12",NA,NA,NA,NA,NA,NA,NA,NA,0.00959992299050083,NA,NA,NA,NA
"OR5T2",NA,NA,NA,NA,NA,NA,NA,NA,0.00205476408868077,NA,NA,NA,NA
"ORM2",NA,NA,NA,NA,NA,NA,NA,NA,0.020649000436335,NA,NA,NA,NA
"P11",NA,NA,NA,NA,NA,NA,NA,NA,0.020649000436335,NA,NA,NA,NA
"PANK3",NA,NA,NA,NA,NA,NA,NA,NA,0.0112851862552602,NA,NA,NA,NA
"PBOV1",NA,NA,NA,NA,NA,NA,NA,NA,0.0112851862552602,NA,NA,NA,NA
"PCDH9",NA,NA,NA,NA,NA,NA,NA,NA,0.0137172354395003,NA,NA,NA,NA
"PDE4B",NA,NA,NA,NA,NA,NA,NA,NA,0.0184467300235817,NA,NA,0.00558098413683927,NA
"PHACTR1",NA,NA,NA,NA,NA,NA,NA,NA,0.0112851862552602,NA,NA,NA,NA
"PIM1",NA,NA,NA,NA,NA,NA,NA,NA,0.0112851862552602,NA,NA,NA,NA
"PJA1",NA,NA,NA,NA,NA,NA,NA,NA,0.0112851862552602,NA,NA,NA,NA
"PTX3",NA,NA,NA,NA,NA,NA,NA,NA,0.0112851862552602,NA,NA,NA,0.00714722567652837
"RBM19",NA,NA,NA,NA,NA,NA,NA,NA,0.020649000436335,NA,NA,NA,NA
"RNASEH2C",NA,NA,NA,NA,NA,NA,NA,NA,0.0112851862552602,NA,NA,NA,NA
"RP13-401N8.2",NA,NA,NA,NA,NA,NA,NA,NA,0.0124080826223694,NA,NA,NA,NA
"RRH",NA,NA,NA,NA,NA,NA,NA,NA,0.0100823935664083,NA,NA,NA,NA
"RSPRY1",NA,NA,NA,NA,NA,NA,NA,NA,0.00906588325217761,NA,NA,NA,NA
"SEPSECS",NA,NA,NA,NA,NA,NA,NA,NA,0.00906588325217761,NA,NA,NA,NA
"SH3GL1",NA,NA,NA,NA,NA,NA,NA,NA,0.0127791408418244,NA,NA,NA,NA
"SLC14A2",NA,NA,NA,NA,NA,NA,NA,NA,0.0100823935664083,NA,NA,NA,NA
"SLC27A6",NA,NA,NA,NA,NA,NA,NA,NA,0.00798619697682923,NA,NA,NA,NA
"SLC39A4",NA,NA,NA,NA,NA,NA,NA,NA,0.0100823935664083,NA,NA,NA,NA
"SLC6A20",NA,NA,NA,NA,NA,NA,NA,NA,0.0124080826223694,NA,NA,NA,NA
"SLC6A3",NA,NA,NA,NA,NA,NA,NA,NA,0.0100823935664083,NA,NA,NA,NA
"SPNS2",NA,NA,NA,NA,NA,NA,NA,NA,0.0100823935664083,NA,NA,NA,NA
"TREX2",NA,NA,NA,NA,NA,NA,NA,NA,0.0100823935664083,NA,NA,NA,NA
"UGT1A8",NA,NA,NA,NA,NA,NA,NA,NA,0.020649000436335,NA,NA,NA,NA
"WDR88",NA,NA,NA,NA,NA,NA,NA,NA,0.0146443131638649,NA,NA,NA,NA
"ZNF294",NA,NA,NA,NA,NA,NA,NA,NA,0.020649000436335,NA,NA,NA,NA
"ADMR",NA,NA,NA,NA,NA,NA,NA,NA,NA,0.00295458465325205,NA,NA,NA
"AMIGO1",NA,NA,NA,NA,NA,NA,NA,NA,NA,0.00321963742585529,NA,NA,NA
"ART4",NA,NA,NA,NA,NA,NA,NA,NA,NA,0.000813436221650976,NA,NA,NA
"ATP2A1",NA,NA,NA,NA,NA,NA,NA,NA,NA,0.00340736637455774,NA,NA,NA
"ATP6V0C",NA,NA,NA,NA,NA,NA,NA,NA,NA,0.000821081744304841,NA,NA,NA
"AURKC",NA,NA,NA,NA,NA,NA,NA,NA,NA,0.00217436688063632,NA,NA,NA
"C14orf102",NA,NA,NA,NA,NA,NA,NA,NA,NA,0.000695789332323948,NA,NA,NA
"C14orf73",NA,NA,NA,NA,NA,NA,NA,NA,NA,0.00200684778359439,NA,NA,NA
"C17orf55",NA,NA,NA,NA,NA,NA,NA,NA,NA,0.00119668294264474,NA,NA,NA
"C1orf175",NA,NA,NA,NA,NA,NA,NA,NA,NA,0.00416415681737869,NA,NA,NA
"C4orf40",NA,NA,NA,NA,NA,NA,NA,NA,NA,0.00258752862616562,NA,NA,NA
"CA6",NA,NA,NA,NA,NA,NA,NA,NA,NA,0.00115917495851692,NA,NA,NA
"CACNA1C",NA,NA,NA,NA,NA,NA,NA,NA,NA,0.00280308960026254,NA,NA,NA
"CAGE1",NA,NA,NA,NA,NA,NA,NA,NA,NA,0.000503084374304574,NA,NA,NA
"CAMK1G",NA,NA,NA,NA,NA,NA,NA,NA,NA,0.00248163153462544,NA,NA,NA
"CBX1",NA,NA,NA,NA,NA,NA,NA,NA,NA,0.00338849946412234,NA,0.0143058784354296,NA
"CCDC117",NA,NA,NA,NA,NA,NA,NA,NA,NA,0.0010575674310711,NA,NA,NA
"CCDC127",NA,NA,NA,NA,NA,NA,NA,NA,NA,0.00195154254501972,NA,NA,NA
"CERK",NA,NA,NA,NA,NA,NA,NA,NA,NA,0.00342741250591483,NA,NA,NA
"CLIC3",NA,NA,NA,NA,NA,NA,NA,NA,NA,0.00282914422988645,NA,NA,NA
"COL16A1",NA,NA,NA,NA,NA,NA,NA,NA,NA,0.000716124660111728,NA,NA,NA
"CTA-246H3.1",NA,NA,NA,NA,NA,NA,NA,NA,NA,0.00186028542601613,NA,NA,NA
"CYP19A1",NA,NA,NA,NA,NA,NA,NA,NA,NA,0.00278920713367747,NA,NA,NA
"DNPEP",NA,NA,NA,NA,NA,NA,NA,NA,NA,0.00388113558373437,NA,NA,NA
"EFNA2",NA,NA,NA,NA,NA,NA,NA,NA,NA,0.0010390223168727,NA,NA,NA
"F10",NA,NA,NA,NA,NA,NA,NA,NA,NA,0.00406189280107028,NA,NA,NA
"F5",NA,NA,NA,NA,NA,NA,NA,NA,NA,0.00417120646731362,NA,NA,NA
"FBXO2",NA,NA,NA,NA,NA,NA,NA,NA,NA,0.00385647745209439,NA,NA,NA
"FEV",NA,NA,NA,NA,NA,NA,NA,NA,NA,0.000407065484049007,NA,NA,NA
"FLJ21075",NA,NA,NA,NA,NA,NA,NA,NA,NA,0.00302346994421065,NA,NA,NA
"GEMIN8",NA,NA,NA,NA,NA,NA,NA,NA,NA,0.00317343356105937,NA,NA,NA
"GRIN2A",NA,NA,NA,NA,NA,NA,NA,NA,NA,0.00106907186971017,NA,NA,NA
"HBQ1",NA,NA,NA,NA,NA,NA,NA,NA,NA,0.00378669093600936,NA,NA,NA
"HIST1H4G",NA,NA,NA,NA,NA,NA,NA,NA,NA,0.00150477366930191,NA,NA,NA
"HIST1H4J",NA,NA,NA,NA,NA,NA,NA,NA,NA,0.00343544225385195,NA,NA,NA
"HIST1H4K",NA,NA,NA,NA,NA,NA,NA,NA,NA,0.0013839877645152,NA,NA,NA
"HS1BP3",NA,NA,NA,NA,NA,NA,NA,NA,NA,0.00113464383702711,NA,NA,NA
"IFNA5",NA,NA,NA,NA,NA,NA,NA,NA,NA,0.00156836176602371,NA,NA,NA
"IGLL1",NA,NA,NA,NA,NA,NA,NA,NA,NA,0.0011785891303544,NA,NA,NA
"IPMK",NA,NA,NA,NA,NA,NA,NA,NA,NA,5.26378900778113e-06,NA,NA,NA
"KCNE2",NA,NA,NA,NA,NA,NA,NA,NA,NA,0.00277913371705318,NA,NA,NA
"KCNE3",NA,NA,NA,NA,NA,NA,NA,NA,NA,0.00212941307824166,NA,NA,NA
"KCTD8",NA,NA,NA,NA,NA,NA,NA,NA,NA,0.00291314334731163,NA,NA,NA
"KIAA1166",NA,NA,NA,NA,NA,NA,NA,NA,NA,0.00143427660011264,NA,NA,NA
"KLHL23",NA,NA,NA,NA,NA,NA,NA,NA,NA,0.000174372503562115,NA,NA,NA
"KRT12",NA,NA,NA,NA,NA,NA,NA,NA,NA,0.00111723849277678,NA,NA,NA
"LIF",NA,NA,NA,NA,NA,NA,NA,NA,NA,0.000950302623116128,NA,NA,NA
"LMAN1L",NA,NA,NA,NA,NA,NA,NA,NA,NA,0.000907732712437714,NA,NA,NA
"MAP7D2",NA,NA,NA,NA,NA,NA,NA,NA,NA,0.00362144322946856,NA,NA,NA
"MEG3",NA,NA,NA,NA,NA,NA,NA,NA,NA,0.0014244631283209,NA,NA,NA
"METTL3",NA,NA,NA,NA,NA,NA,NA,NA,NA,0.00139943245983976,NA,NA,NA
"MORC2",NA,NA,NA,NA,NA,NA,NA,NA,NA,0.00357356096086958,NA,NA,NA
"MOSPD2",NA,NA,NA,NA,NA,NA,NA,NA,NA,0.00391680214117673,NA,NA,NA
"MRPS36",NA,NA,NA,NA,NA,NA,NA,NA,NA,0.00337983240534789,NA,NA,NA
"MYH1",NA,NA,NA,NA,NA,NA,NA,NA,NA,0.00253975570084553,NA,NA,NA
"NAV3",NA,NA,NA,NA,NA,NA,NA,NA,NA,0.00142261924059162,0.00109320557871695,NA,NA
"NNAT",NA,NA,NA,NA,NA,NA,NA,NA,NA,0.0041620308172704,NA,NA,NA
"NPAS4",NA,NA,NA,NA,NA,NA,NA,NA,NA,0.00401129271303868,NA,NA,NA
"NR1I2",NA,NA,NA,NA,NA,NA,NA,NA,NA,0.00385964851961706,NA,NA,NA
"OMG",NA,NA,NA,NA,NA,NA,NA,NA,NA,0.00276690205912966,NA,NA,NA
"OR13F1",NA,NA,NA,NA,NA,NA,NA,NA,NA,0.00346130750403417,NA,NA,NA
"OR4X2",NA,NA,NA,NA,NA,NA,NA,NA,NA,0.0027614879861203,NA,NA,NA
"OTUD6A",NA,NA,NA,NA,NA,NA,NA,NA,NA,0.00249899979993407,NA,NA,NA
"PAPOLA",NA,NA,NA,NA,NA,NA,NA,NA,NA,0.00325412562516003,NA,NA,NA
"PARD6B",NA,NA,NA,NA,NA,NA,NA,NA,NA,0.00216520899918982,NA,NA,NA
"PATZ1",NA,NA,NA,NA,NA,NA,NA,NA,NA,0.00214541415104663,NA,NA,NA
"PDK2",NA,NA,NA,NA,NA,NA,NA,NA,NA,0.00267841030617511,NA,NA,NA
"PDLIM3",NA,NA,NA,NA,NA,NA,NA,NA,NA,0.000197202822218023,NA,NA,NA
"PLAA",NA,NA,NA,NA,NA,NA,NA,NA,NA,0.0034585290721918,NA,NA,NA
"PLAU",NA,NA,NA,NA,NA,NA,NA,NA,NA,0.00068046759650997,NA,NA,NA
"PLK3",NA,NA,NA,NA,NA,NA,NA,NA,NA,0.00116781243604225,NA,NA,NA
"PRKCDBP",NA,NA,NA,NA,NA,NA,NA,NA,NA,0.00110708877007659,NA,NA,NA
"PRTG",NA,NA,NA,NA,NA,NA,NA,NA,NA,0.00412419259891639,NA,NA,NA
"PTGER1",NA,NA,NA,NA,NA,NA,NA,NA,NA,0.00312978262782926,NA,NA,NA
"RAB13",NA,NA,NA,NA,NA,NA,NA,NA,NA,0.00109063754873107,NA,NA,NA
"RBM23",NA,NA,NA,NA,NA,NA,NA,NA,NA,0.00256096061545141,NA,NA,NA
"REG1A",NA,NA,NA,NA,NA,NA,NA,NA,NA,0.000255004117918567,NA,NA,NA
"REG1B",NA,NA,NA,NA,NA,NA,NA,NA,NA,0.00263226988774545,NA,NA,NA
"RGR",NA,NA,NA,NA,NA,NA,NA,NA,NA,0.0016555064793391,NA,NA,NA
"SCN2B",NA,NA,NA,NA,NA,NA,NA,NA,NA,0.00349494249653404,NA,NA,NA
"SIX1",NA,NA,NA,NA,NA,NA,NA,NA,NA,0.000108089024207447,NA,NA,NA
"SMAD7",NA,NA,NA,NA,NA,NA,NA,NA,NA,0.00107011050771366,NA,NA,NA
"SORCS3",NA,NA,NA,NA,NA,NA,NA,NA,NA,0.0021177422533295,NA,NA,NA
"SPINK5L3",NA,NA,NA,NA,NA,NA,NA,NA,NA,0.00113823963038573,0.000241249530889553,NA,NA
"STXBP1",NA,NA,NA,NA,NA,NA,NA,NA,NA,0.00351146775164701,NA,NA,NA
"TBL1X",NA,NA,NA,NA,NA,NA,NA,NA,NA,0.00344979293025449,NA,NA,NA
"THY1",NA,NA,NA,NA,NA,NA,NA,NA,NA,0.00192365484488988,NA,NA,NA
"TMCO7",NA,NA,NA,NA,NA,NA,NA,NA,NA,0.0021298798897107,NA,NA,NA
"TMEM88",NA,NA,NA,NA,NA,NA,NA,NA,NA,0.000368366404315146,NA,NA,NA
"TMPRSS11F",NA,NA,NA,NA,NA,NA,NA,NA,NA,0.00262395712229768,NA,NA,NA
"TRIM47",NA,NA,NA,NA,NA,NA,NA,NA,NA,0.0024335754680469,NA,NA,NA
"TRIM58",NA,NA,NA,NA,NA,NA,NA,NA,NA,0.00014212372496869,NA,NA,NA
"TTLL3",NA,NA,NA,NA,NA,NA,NA,NA,NA,0.000539695907075144,NA,NA,NA
"TYRP1",NA,NA,NA,NA,NA,NA,NA,NA,NA,0.000579892241195146,NA,NA,NA
"UBE2U",NA,NA,NA,NA,NA,NA,NA,NA,NA,0.00127095158829693,NA,NA,NA
"UPK2",NA,NA,NA,NA,NA,NA,NA,NA,NA,0.000421414828126965,NA,NA,NA
"ZNF179",NA,NA,NA,NA,NA,NA,NA,NA,NA,0.00307862817605153,NA,NA,NA
"ABCC11",NA,NA,NA,NA,NA,NA,NA,NA,NA,NA,0.000117624495534319,NA,NA
"ACSM3",NA,NA,NA,NA,NA,NA,NA,NA,NA,NA,0.00130150245843397,NA,NA
"ADORA3",NA,NA,NA,NA,NA,NA,NA,NA,NA,NA,0.000218861672936055,NA,NA
"ANGPTL3",NA,NA,NA,NA,NA,NA,NA,NA,NA,NA,6.4262364214418e-06,NA,NA
"ANXA4",NA,NA,NA,NA,NA,NA,NA,NA,NA,NA,0.000413807595136095,NA,NA
"ANXA8L2",NA,NA,NA,NA,NA,NA,NA,NA,NA,NA,0.00124660118477693,NA,NA
"AP3S1",NA,NA,NA,NA,NA,NA,NA,NA,NA,NA,0.000969513275061118,NA,NA
"APC",NA,NA,NA,NA,NA,NA,NA,NA,NA,NA,0.000835773184034827,NA,NA
"ASAH1",NA,NA,NA,NA,NA,NA,NA,NA,NA,NA,9.938984143254e-05,NA,NA
"BLOC1S1",NA,NA,NA,NA,NA,NA,NA,NA,NA,NA,0.000805194119706476,NA,NA
"BMI1",NA,NA,NA,NA,NA,NA,NA,NA,NA,NA,0.000972070488129639,0.0105555402947765,NA
"C10orf26",NA,NA,NA,NA,NA,NA,NA,NA,NA,NA,0.000698827211895847,NA,NA
"C14orf178",NA,NA,NA,NA,NA,NA,NA,NA,NA,NA,3.11783857597225e-05,NA,NA
"C17orf63",NA,NA,NA,NA,NA,NA,NA,NA,NA,NA,0.00020500222619857,NA,NA
"C20orf23",NA,NA,NA,NA,NA,NA,NA,NA,NA,NA,0.00059552032179,NA,NA
"CCDC80",NA,NA,NA,NA,NA,NA,NA,NA,NA,NA,0.000402122295902196,NA,NA
"CCPG1",NA,NA,NA,NA,NA,NA,NA,NA,NA,NA,0.000512047538894778,NA,NA
"CLNS1A",NA,NA,NA,NA,NA,NA,NA,NA,NA,NA,0.000473796264762405,0.00815097159350264,NA
"COL24A1",NA,NA,NA,NA,NA,NA,NA,NA,NA,NA,0.000778417100154027,NA,NA
"CPNE1",NA,NA,NA,NA,NA,NA,NA,NA,NA,NA,0.000234731205416061,NA,NA
"CYBRD1",NA,NA,NA,NA,NA,NA,NA,NA,NA,NA,0.000860269965930249,NA,NA
"DACH2",NA,NA,NA,NA,NA,NA,NA,NA,NA,NA,0.000674407059952142,NA,NA
"DAP",NA,NA,NA,NA,NA,NA,NA,NA,NA,NA,0.0010886600763893,NA,NA
"DDX26B",NA,NA,NA,NA,NA,NA,NA,NA,NA,NA,0.0002631802197397,NA,NA
"DLX5",NA,NA,NA,NA,NA,NA,NA,NA,NA,NA,0.000197922219204116,NA,NA
"EFHA1",NA,NA,NA,NA,NA,NA,NA,NA,NA,NA,0.000852791411247833,NA,NA
"FAM128B",NA,NA,NA,NA,NA,NA,NA,NA,NA,NA,0.00104211669681342,NA,NA
"FAM73A",NA,NA,NA,NA,NA,NA,NA,NA,NA,NA,0.000512638913581664,NA,NA
"FGF5",NA,NA,NA,NA,NA,NA,NA,NA,NA,NA,0.000572329296524732,NA,NA
"GABRQ",NA,NA,NA,NA,NA,NA,NA,NA,NA,NA,0.00130925689634342,NA,NA
"GADD45B",NA,NA,NA,NA,NA,NA,NA,NA,NA,NA,0.000337921483337666,NA,NA
"GALNTL2",NA,NA,NA,NA,NA,NA,NA,NA,NA,NA,0.000768465171222865,NA,NA
"GFPT2",NA,NA,NA,NA,NA,NA,NA,NA,NA,NA,0.000445358019672049,NA,NA
"GNAT2",NA,NA,NA,NA,NA,NA,NA,NA,NA,NA,0.000806819054527286,NA,NA
"GPR103",NA,NA,NA,NA,NA,NA,NA,NA,NA,NA,0.000953287508196121,NA,NA
"HCN3",NA,NA,NA,NA,NA,NA,NA,NA,NA,NA,0.000433710044696722,NA,NA
"HEXDC",NA,NA,NA,NA,NA,NA,NA,NA,NA,NA,0.000920168443739766,NA,NA
"HIATL1",NA,NA,NA,NA,NA,NA,NA,NA,NA,NA,0.000686707271397302,NA,NA
"HPDL",NA,NA,NA,NA,NA,NA,NA,NA,NA,NA,0.00108710420538582,NA,NA
"HS3ST3A1",NA,NA,NA,NA,NA,NA,NA,NA,NA,NA,0.000867099308024422,NA,NA
"HS6ST3",NA,NA,NA,NA,NA,NA,NA,NA,NA,NA,0.000355302035726868,NA,NA
"HSD11B2",NA,NA,NA,NA,NA,NA,NA,NA,NA,NA,2.55016758262672e-05,NA,NA
"IGFBP4",NA,NA,NA,NA,NA,NA,NA,NA,NA,NA,0.000524993724899003,NA,NA
"INSM1",NA,NA,NA,NA,NA,NA,NA,NA,NA,NA,0.000188658495735128,NA,NA
"KIAA1219",NA,NA,NA,NA,NA,NA,NA,NA,NA,NA,0.000143330779974971,NA,NA
"KIF26B",NA,NA,NA,NA,NA,NA,NA,NA,NA,NA,0.000750822126058925,NA,NA
"LOC161247",NA,NA,NA,NA,NA,NA,NA,NA,NA,NA,0.000848031148043327,NA,NA
"LOC400451",NA,NA,NA,NA,NA,NA,NA,NA,NA,NA,0.000693008911408222,NA,NA
"LOC51336",NA,NA,NA,NA,NA,NA,NA,NA,NA,NA,0.000338593032488399,NA,NA
"LOC728635",NA,NA,NA,NA,NA,NA,NA,NA,NA,NA,0.000793655080308375,NA,NA
"LRRC17",NA,NA,NA,NA,NA,NA,NA,NA,NA,NA,0.00118825729443928,NA,NA
"LRRC45",NA,NA,NA,NA,NA,NA,NA,NA,NA,NA,0.000480989066442672,NA,NA
"MARCH9",NA,NA,NA,NA,NA,NA,NA,NA,NA,NA,5.1492061860392e-05,NA,NA
"MCM3",NA,NA,NA,NA,NA,NA,NA,NA,NA,NA,0.00020388840022012,NA,NA
"NLRX1",NA,NA,NA,NA,NA,NA,NA,NA,NA,NA,0.000535094188204632,NA,NA
"NUFIP2",NA,NA,NA,NA,NA,NA,NA,NA,NA,NA,0.0010656106706507,NA,NA
"OGN",NA,NA,NA,NA,NA,NA,NA,NA,NA,NA,0.000849252905646858,NA,NA
"OLR1",NA,NA,NA,NA,NA,NA,NA,NA,NA,NA,0.00121227586316131,NA,NA
"OR2B6",NA,NA,NA,NA,NA,NA,NA,NA,NA,NA,0.00112206440364859,NA,NA
"PABPN1",NA,NA,NA,NA,NA,NA,NA,NA,NA,NA,5.43304272392353e-05,NA,NA
"PDIA4",NA,NA,NA,NA,NA,NA,NA,NA,NA,NA,0.000977756197192869,NA,NA
"PHLDB2",NA,NA,NA,NA,NA,NA,NA,NA,NA,NA,0.00037986890900199,NA,NA
"PI3",NA,NA,NA,NA,NA,NA,NA,NA,NA,NA,0.000780610762551204,NA,NA
"PPM2C",NA,NA,NA,NA,NA,NA,NA,NA,NA,NA,0.000459448669592355,NA,NA
"PTPRO",NA,NA,NA,NA,NA,NA,NA,NA,NA,NA,0.000402837195618178,NA,NA
"PUF60",NA,NA,NA,NA,NA,NA,NA,NA,NA,NA,0.000360690406860598,NA,NA
"PXDN",NA,NA,NA,NA,NA,NA,NA,NA,NA,NA,0.000330559018299037,NA,NA
"RIPK4",NA,NA,NA,NA,NA,NA,NA,NA,NA,NA,0.00120497910055284,NA,NA
"RNF148",NA,NA,NA,NA,NA,NA,NA,NA,NA,NA,0.000302784268798151,NA,NA
"RPS6KA2",NA,NA,NA,NA,NA,NA,NA,NA,NA,NA,0.00102965099873309,NA,NA
"SERPINA10",NA,NA,NA,NA,NA,NA,NA,NA,NA,NA,0.00118594166961417,NA,NA
"SLC35C2",NA,NA,NA,NA,NA,NA,NA,NA,NA,NA,0.000462324144145265,NA,NA
"SNAI2",NA,NA,NA,NA,NA,NA,NA,NA,NA,NA,0.00103052286870486,NA,NA
"SORCS2",NA,NA,NA,NA,NA,NA,NA,NA,NA,NA,0.000699554550867565,NA,NA
"STX12",NA,NA,NA,NA,NA,NA,NA,NA,NA,NA,0.00111157077449697,NA,NA
"TGFBR2",NA,NA,NA,NA,NA,NA,NA,NA,NA,NA,0.000237187581534903,NA,NA
"THOP1",NA,NA,NA,NA,NA,NA,NA,NA,NA,NA,0.000244434939583149,NA,NA
"TLL1",NA,NA,NA,NA,NA,NA,NA,NA,NA,NA,2.0722126145678e-05,NA,NA
"TMEM177",NA,NA,NA,NA,NA,NA,NA,NA,NA,NA,0.000359715590729226,NA,NA
"TMOD2",NA,NA,NA,NA,NA,NA,NA,NA,NA,NA,0.000737803024136396,NA,NA
"TSC22D1",NA,NA,NA,NA,NA,NA,NA,NA,NA,NA,0.00126449053991273,NA,NA
"WDR77",NA,NA,NA,NA,NA,NA,NA,NA,NA,NA,4.51952816903356e-05,NA,NA
"WDR91",NA,NA,NA,NA,NA,NA,NA,NA,NA,NA,0.00104320499492194,NA,NA
"WIPF2",NA,NA,NA,NA,NA,NA,NA,NA,NA,NA,0.000882206915347017,NA,NA
"WWP1",NA,NA,NA,NA,NA,NA,NA,NA,NA,NA,0.000287589310390857,NA,NA
"XRCC4",NA,NA,NA,NA,NA,NA,NA,NA,NA,NA,0.00107926478742604,NA,NA
"ZFP36",NA,NA,NA,NA,NA,NA,NA,NA,NA,NA,0.000524168096383226,NA,NA
"ZFP36L1",NA,NA,NA,NA,NA,NA,NA,NA,NA,NA,0.000416907554492418,NA,NA
"ZNF295",NA,NA,NA,NA,NA,NA,NA,NA,NA,NA,0.000540892361894363,NA,NA
"ZNF571",NA,NA,NA,NA,NA,NA,NA,NA,NA,NA,0.000890116528129536,NA,NA
"ZNHIT2",NA,NA,NA,NA,NA,NA,NA,NA,NA,NA,0.00113807711150127,NA,NA
"ABCB10",NA,NA,NA,NA,NA,NA,NA,NA,NA,NA,NA,0.0105555402947765,NA
"ABHD14B",NA,NA,NA,NA,NA,NA,NA,NA,NA,NA,NA,0.0143058784354296,NA
"ANAPC5",NA,NA,NA,NA,NA,NA,NA,NA,NA,NA,NA,0.0105555402947765,NA
"ANKRD21",NA,NA,NA,NA,NA,NA,NA,NA,NA,NA,NA,0.0105555402947765,NA
"AP1B1",NA,NA,NA,NA,NA,NA,NA,NA,NA,NA,NA,0.00558098413683927,NA
"API5",NA,NA,NA,NA,NA,NA,NA,NA,NA,NA,NA,0.00558098413683927,NA
"ATP9B",NA,NA,NA,NA,NA,NA,NA,NA,NA,NA,NA,0.00558098413683927,NA
"B3GALTL",NA,NA,NA,NA,NA,NA,NA,NA,NA,NA,NA,0.00558098413683927,NA
"C12orf51",NA,NA,NA,NA,NA,NA,NA,NA,NA,NA,NA,0.000299725905541615,NA
"C20orf52",NA,NA,NA,NA,NA,NA,NA,NA,NA,NA,NA,0.0105555402947765,NA
"C3orf20",NA,NA,NA,NA,NA,NA,NA,NA,NA,NA,NA,0.0143058784354296,NA
"C6orf199",NA,NA,NA,NA,NA,NA,NA,NA,NA,NA,NA,0.0143058784354296,NA
"CAPN13",NA,NA,NA,NA,NA,NA,NA,NA,NA,NA,NA,0.0143058784354296,NA
"CAPZB",NA,NA,NA,NA,NA,NA,NA,NA,NA,NA,NA,0.0105555402947765,NA
"CBLB",NA,NA,NA,NA,NA,NA,NA,NA,NA,NA,NA,0.0143058784354296,NA
"CCDC123",NA,NA,NA,NA,NA,NA,NA,NA,NA,NA,NA,0.0143058784354296,NA
"DLGAP4",NA,NA,NA,NA,NA,NA,NA,NA,NA,NA,NA,0.00558098413683927,NA
"DUSP5",NA,NA,NA,NA,NA,NA,NA,NA,NA,NA,NA,0.0105555402947765,NA
"ELF2",NA,NA,NA,NA,NA,NA,NA,NA,NA,NA,NA,0.00558098413683927,NA
"ENPP5",NA,NA,NA,NA,NA,NA,NA,NA,NA,NA,NA,0.00117686591062471,NA
"ERN1",NA,NA,NA,NA,NA,NA,NA,NA,NA,NA,NA,0.0143058784354296,NA
"EWSR1",NA,NA,NA,NA,NA,NA,NA,NA,NA,NA,NA,0.00558098413683927,NA
"EXOC1",NA,NA,NA,NA,NA,NA,NA,NA,NA,NA,NA,0.0105555402947765,NA
"FLT4",NA,NA,NA,NA,NA,NA,NA,NA,NA,NA,NA,0.0143058784354296,NA
"GALNT8",NA,NA,NA,NA,NA,NA,NA,NA,NA,NA,NA,0.00229023406464413,NA
"GLB1",NA,NA,NA,NA,NA,NA,NA,NA,NA,NA,NA,0.00815097159350264,NA
"HLA-DQA1",NA,NA,NA,NA,NA,NA,NA,NA,NA,NA,NA,0.0143058784354296,NA
"HOXB3",NA,NA,NA,NA,NA,NA,NA,NA,NA,NA,NA,0.0105555402947765,NA
"HSD17B10",NA,NA,NA,NA,NA,NA,NA,NA,NA,NA,NA,0.0105555402947765,NA
"KIAA1324L",NA,NA,NA,NA,NA,NA,NA,NA,NA,NA,NA,0.00558098413683927,NA
"KIAA1609",NA,NA,NA,NA,NA,NA,NA,NA,NA,NA,NA,0.0143058784354296,NA
"KLHL24",NA,NA,NA,NA,NA,NA,NA,NA,NA,NA,NA,0.00229023406464413,NA
"KRTAP1-1",NA,NA,NA,NA,NA,NA,NA,NA,NA,NA,NA,0.0105555402947765,NA
"LOC440356",NA,NA,NA,NA,NA,NA,NA,NA,NA,NA,NA,0.0143058784354296,NA
"LY6G6E",NA,NA,NA,NA,NA,NA,NA,NA,NA,NA,NA,0.0105555402947765,NA
"MAG1",NA,NA,NA,NA,NA,NA,NA,NA,NA,NA,NA,0.0143058784354296,NA
"MAP3K7IP3",NA,NA,NA,NA,NA,NA,NA,NA,NA,NA,NA,0.0169874066973351,NA
"MBD2",NA,NA,NA,NA,NA,NA,NA,NA,NA,NA,NA,0.0105555402947765,NA
"MED30",NA,NA,NA,NA,NA,NA,NA,NA,NA,NA,NA,0.00558098413683927,NA
"MFSD2",NA,NA,NA,NA,NA,NA,NA,NA,NA,NA,NA,0.00558098413683927,NA
"MTERF",NA,NA,NA,NA,NA,NA,NA,NA,NA,NA,NA,0.00558098413683927,NA
"NEU1",NA,NA,NA,NA,NA,NA,NA,NA,NA,NA,NA,0.00558098413683927,NA
"NXPH1",NA,NA,NA,NA,NA,NA,NA,NA,NA,NA,NA,0.00117686591062471,NA
"ORC4L",NA,NA,NA,NA,NA,NA,NA,NA,NA,NA,NA,0.0105555402947765,NA
"PERP",NA,NA,NA,NA,NA,NA,NA,NA,NA,NA,NA,0.0143058784354296,NA
"PHOSPHO2",NA,NA,NA,NA,NA,NA,NA,NA,NA,NA,NA,0.0105555402947765,NA
"PLA2G2E",NA,NA,NA,NA,NA,NA,NA,NA,NA,NA,NA,0.00558098413683927,NA
"PLEKHN1",NA,NA,NA,NA,NA,NA,NA,NA,NA,NA,NA,0.0143058784354296,NA
"PRDM1",NA,NA,NA,NA,NA,NA,NA,NA,NA,NA,NA,0.0105555402947765,NA
"PROCR",NA,NA,NA,NA,NA,NA,NA,NA,NA,NA,NA,0.00558098413683927,NA
"PRRG4",NA,NA,NA,NA,NA,NA,NA,NA,NA,NA,NA,0.0105555402947765,NA
"RAG1",NA,NA,NA,NA,NA,NA,NA,NA,NA,NA,NA,0.0143058784354296,NA
"RBM16",NA,NA,NA,NA,NA,NA,NA,NA,NA,NA,NA,0.0105555402947765,NA
"REPS2",NA,NA,NA,NA,NA,NA,NA,NA,NA,NA,NA,0.0105555402947765,NA
"RNF8",NA,NA,NA,NA,NA,NA,NA,NA,NA,NA,NA,0.0143058784354296,NA
"SBNO1",NA,NA,NA,NA,NA,NA,NA,NA,NA,NA,NA,0.00558098413683927,NA
"SCML2",NA,NA,NA,NA,NA,NA,NA,NA,NA,NA,NA,0.00558098413683927,NA
"SERPINB8",NA,NA,NA,NA,NA,NA,NA,NA,NA,NA,NA,0.0105555402947765,NA
"SFT2D3",NA,NA,NA,NA,NA,NA,NA,NA,NA,NA,NA,0.00558098413683927,NA
"SLCO1B1",NA,NA,NA,NA,NA,NA,NA,NA,NA,NA,NA,0.0105555402947765,NA
"SLCO4C1",NA,NA,NA,NA,NA,NA,NA,NA,NA,NA,NA,0.00558098413683927,NA
"SNX14",NA,NA,NA,NA,NA,NA,NA,NA,NA,NA,NA,0.00558098413683927,NA
"SOCS3",NA,NA,NA,NA,NA,NA,NA,NA,NA,NA,NA,0.00558098413683927,NA
"SPIN3",NA,NA,NA,NA,NA,NA,NA,NA,NA,NA,NA,0.0105555402947765,NA
"ST6GAL1",NA,NA,NA,NA,NA,NA,NA,NA,NA,NA,NA,0.0105555402947765,NA
"STK10",NA,NA,NA,NA,NA,NA,NA,NA,NA,NA,NA,0.0105555402947765,NA
"SYCP2",NA,NA,NA,NA,NA,NA,NA,NA,NA,NA,NA,0.00558098413683927,NA
"TFAP2D",NA,NA,NA,NA,NA,NA,NA,NA,NA,NA,NA,0.0143058784354296,NA
"TFDP2",NA,NA,NA,NA,NA,NA,NA,NA,NA,NA,NA,0.00558098413683927,NA
"THRAP3",NA,NA,NA,NA,NA,NA,NA,NA,NA,NA,NA,0.0143058784354296,NA
"TIGD3",NA,NA,NA,NA,NA,NA,NA,NA,NA,NA,NA,0.0143058784354296,NA
"TMEM14A",NA,NA,NA,NA,NA,NA,NA,NA,NA,NA,NA,0.00558098413683927,NA
"TRIM68",NA,NA,NA,NA,NA,NA,NA,NA,NA,NA,NA,0.0169874066973351,NA
"TRPA1",NA,NA,NA,NA,NA,NA,NA,NA,NA,NA,NA,0.0143058784354296,NA
"TUBG2",NA,NA,NA,NA,NA,NA,NA,NA,NA,NA,NA,0.0143058784354296,NA
"WIPI2",NA,NA,NA,NA,NA,NA,NA,NA,NA,NA,NA,0.0143058784354296,NA
"WT1",NA,NA,NA,NA,NA,NA,NA,NA,NA,NA,NA,0.00558098413683927,NA
"XAGE5",NA,NA,NA,NA,NA,NA,NA,NA,NA,NA,NA,0.00558098413683927,NA
"ZCCHC13",NA,NA,NA,NA,NA,NA,NA,NA,NA,NA,NA,0.0143058784354296,0.00298798520442189
"ZKSCAN1",NA,NA,NA,NA,NA,NA,NA,NA,NA,NA,NA,0.00558098413683927,NA
"ZKSCAN4",NA,NA,NA,NA,NA,NA,NA,NA,NA,NA,NA,0.00815097159350264,NA
"ZMIZ2",NA,NA,NA,NA,NA,NA,NA,NA,NA,NA,NA,0.0143058784354296,NA
"ZNF12",NA,NA,NA,NA,NA,NA,NA,NA,NA,NA,NA,0.0143058784354296,0.00622395467179249
"ZNF345",NA,NA,NA,NA,NA,NA,NA,NA,NA,NA,NA,0.000299725905541615,NA
"ZNF391",NA,NA,NA,NA,NA,NA,NA,NA,NA,NA,NA,3.22500690433936e-05,NA
"ZNF416",NA,NA,NA,NA,NA,NA,NA,NA,NA,NA,NA,0.00229023406464413,NA
"ZNF550",NA,NA,NA,NA,NA,NA,NA,NA,NA,NA,NA,0.00229023406464413,NA
"ZSWIM3",NA,NA,NA,NA,NA,NA,NA,NA,NA,NA,NA,0.0105555402947765,NA
"ADAL",NA,NA,NA,NA,NA,NA,NA,NA,NA,NA,NA,NA,0.00510529917306735
"ALDH7A1",NA,NA,NA,NA,NA,NA,NA,NA,NA,NA,NA,NA,0.00505139919407682
"ANKRD16",NA,NA,NA,NA,NA,NA,NA,NA,NA,NA,NA,NA,0.00822523744555304
"ANKRD5",NA,NA,NA,NA,NA,NA,NA,NA,NA,NA,NA,NA,0.00248283680857153
"ATP6V1E2",NA,NA,NA,NA,NA,NA,NA,NA,NA,NA,NA,NA,0.00382322284458003
"BBOX1",NA,NA,NA,NA,NA,NA,NA,NA,NA,NA,NA,NA,0.00380069714749853
"C10orf47",NA,NA,NA,NA,NA,NA,NA,NA,NA,NA,NA,NA,0.00463719394448203
"C11orf45",NA,NA,NA,NA,NA,NA,NA,NA,NA,NA,NA,NA,0.00802531899137815
"C15orf28",NA,NA,NA,NA,NA,NA,NA,NA,NA,NA,NA,NA,0.00397903906448582
"C16orf68",NA,NA,NA,NA,NA,NA,NA,NA,NA,NA,NA,NA,0.010993579318346
"C17orf78",NA,NA,NA,NA,NA,NA,NA,NA,NA,NA,NA,NA,0.00514928482097754
"C1orf170",NA,NA,NA,NA,NA,NA,NA,NA,NA,NA,NA,NA,0.00174520315103988
"C4orf31",NA,NA,NA,NA,NA,NA,NA,NA,NA,NA,NA,NA,0.00369065751552811
"C4orf36",NA,NA,NA,NA,NA,NA,NA,NA,NA,NA,NA,NA,0.00747796724104388
"C5orf29",NA,NA,NA,NA,NA,NA,NA,NA,NA,NA,NA,NA,0.00814681278053631
"C7orf29",NA,NA,NA,NA,NA,NA,NA,NA,NA,NA,NA,NA,0.00312267083781526
"C7orf41",NA,NA,NA,NA,NA,NA,NA,NA,NA,NA,NA,NA,0.0108016811002098
"CA3",NA,NA,NA,NA,NA,NA,NA,NA,NA,NA,NA,NA,0.00552284632503808
"CAMSAP1L1",NA,NA,NA,NA,NA,NA,NA,NA,NA,NA,NA,NA,0.0121294745086921
"CCR2",NA,NA,NA,NA,NA,NA,NA,NA,NA,NA,NA,NA,0.00308874911197565
"CENTB5",NA,NA,NA,NA,NA,NA,NA,NA,NA,NA,NA,NA,0.0117600189457584
"CLEC12A",NA,NA,NA,NA,NA,NA,NA,NA,NA,NA,NA,NA,0.00154939762920303
"CMTM1",NA,NA,NA,NA,NA,NA,NA,NA,NA,NA,NA,NA,0.00756117615856355
"CMTM2",NA,NA,NA,NA,NA,NA,NA,NA,NA,NA,NA,NA,0.00545274603700729
"CSNK2A1",NA,NA,NA,NA,NA,NA,NA,NA,NA,NA,NA,NA,0.00418283472834369
"CTAGE4",NA,NA,NA,NA,NA,NA,NA,NA,NA,NA,NA,NA,0.0112454249237116
"CXorf59",NA,NA,NA,NA,NA,NA,NA,NA,NA,NA,NA,NA,0.0093689303356066
"CYP2R1",NA,NA,NA,NA,NA,NA,NA,NA,NA,NA,NA,NA,0.00182011373415669
"DAAM2",NA,NA,NA,NA,NA,NA,NA,NA,NA,NA,NA,NA,0.00565403604211734
"DNAJC12",NA,NA,NA,NA,NA,NA,NA,NA,NA,NA,NA,NA,0.00207796878505562
"DNAJC13",NA,NA,NA,NA,NA,NA,NA,NA,NA,NA,NA,NA,0.00280262755367422
"DPH4",NA,NA,NA,NA,NA,NA,NA,NA,NA,NA,NA,NA,0.000854122385951728
"DUOX2",NA,NA,NA,NA,NA,NA,NA,NA,NA,NA,NA,NA,0.00490184690282136
"EPRS",NA,NA,NA,NA,NA,NA,NA,NA,NA,NA,NA,NA,0.00621485539906574
"ESD",NA,NA,NA,NA,NA,NA,NA,NA,NA,NA,NA,NA,0.00490184690282136
"FLJ16478",NA,NA,NA,NA,NA,NA,NA,NA,NA,NA,NA,NA,0.00262627730741893
"FLJ20035",NA,NA,NA,NA,NA,NA,NA,NA,NA,NA,NA,NA,0.0100179718299436
"FOXL2",NA,NA,NA,NA,NA,NA,NA,NA,NA,NA,NA,NA,0.00669500629312469
"GHR",NA,NA,NA,NA,NA,NA,NA,NA,NA,NA,NA,NA,0.00314922711670473
"GNPAT",NA,NA,NA,NA,NA,NA,NA,NA,NA,NA,NA,NA,0.00966561406982269
"GPR177",NA,NA,NA,NA,NA,NA,NA,NA,NA,NA,NA,NA,0.0107505660701701
"hCG_25371",NA,NA,NA,NA,NA,NA,NA,NA,NA,NA,NA,NA,0.00787961696224881
"HERC5",NA,NA,NA,NA,NA,NA,NA,NA,NA,NA,NA,NA,0.0055963424999167
"HPSE",NA,NA,NA,NA,NA,NA,NA,NA,NA,NA,NA,NA,0.0110293243055766
"IFNE1",NA,NA,NA,NA,NA,NA,NA,NA,NA,NA,NA,NA,0.00404293583968152
"IL20RB",NA,NA,NA,NA,NA,NA,NA,NA,NA,NA,NA,NA,0.0102505109421803
"INTS7",NA,NA,NA,NA,NA,NA,NA,NA,NA,NA,NA,NA,0.0029045685875001
"KIAA1324",NA,NA,NA,NA,NA,NA,NA,NA,NA,NA,NA,NA,0.0104591749821155
"LOC554202",NA,NA,NA,NA,NA,NA,NA,NA,NA,NA,NA,NA,0.00452221340427594
"LRRC16",NA,NA,NA,NA,NA,NA,NA,NA,NA,NA,NA,NA,0.0119215205443387
"MAMDC2",NA,NA,NA,NA,NA,NA,NA,NA,NA,NA,NA,NA,0.00826372241080153
"MAP4K2",NA,NA,NA,NA,NA,NA,NA,NA,NA,NA,NA,NA,0.0116631420654344
"MCL1",NA,NA,NA,NA,NA,NA,NA,NA,NA,NA,NA,NA,0.00751911805864791
"MED6",NA,NA,NA,NA,NA,NA,NA,NA,NA,NA,NA,NA,0.00596706215653764
"MGST1",NA,NA,NA,NA,NA,NA,NA,NA,NA,NA,NA,NA,0.0122607324216792
"MOCOS",NA,NA,NA,NA,NA,NA,NA,NA,NA,NA,NA,NA,0.00423217175095247
"MPG",NA,NA,NA,NA,NA,NA,NA,NA,NA,NA,NA,NA,0.00276489153355453
"MTHFD1",NA,NA,NA,NA,NA,NA,NA,NA,NA,NA,NA,NA,0.00572581665595251
"NELF",NA,NA,NA,NA,NA,NA,NA,NA,NA,NA,NA,NA,0.011020399722675
"NFYA",NA,NA,NA,NA,NA,NA,NA,NA,NA,NA,NA,NA,0.00638042772546987
"NPAL3",NA,NA,NA,NA,NA,NA,NA,NA,NA,NA,NA,NA,0.00292301061267053
"NUDT16L1",NA,NA,NA,NA,NA,NA,NA,NA,NA,NA,NA,NA,0.00348493649644943
"NXPH3",NA,NA,NA,NA,NA,NA,NA,NA,NA,NA,NA,NA,0.0119654546502773
"OXGR1",NA,NA,NA,NA,NA,NA,NA,NA,NA,NA,NA,NA,0.00115267292032095
"PIGM",NA,NA,NA,NA,NA,NA,NA,NA,NA,NA,NA,NA,0.0106881283249463
"PLSCR1",NA,NA,NA,NA,NA,NA,NA,NA,NA,NA,NA,NA,0.00845319488555074
"PPA1",NA,NA,NA,NA,NA,NA,NA,NA,NA,NA,NA,NA,0.00279634344103497
"PPP3R2",NA,NA,NA,NA,NA,NA,NA,NA,NA,NA,NA,NA,0.00151198771346039
"PRAMEF16",NA,NA,NA,NA,NA,NA,NA,NA,NA,NA,NA,NA,0.00201930027467212
"RBKS",NA,NA,NA,NA,NA,NA,NA,NA,NA,NA,NA,NA,0.00392307894696442
"RHCG",NA,NA,NA,NA,NA,NA,NA,NA,NA,NA,NA,NA,0.0115097798055358
"SCGB1C1",NA,NA,NA,NA,NA,NA,NA,NA,NA,NA,NA,NA,0.00593450293741971
"SLC28A3",NA,NA,NA,NA,NA,NA,NA,NA,NA,NA,NA,NA,0.00393761313372942
"SNX19",NA,NA,NA,NA,NA,NA,NA,NA,NA,NA,NA,NA,0.008182748104548
"STX2",NA,NA,NA,NA,NA,NA,NA,NA,NA,NA,NA,NA,0.010418640928832
"SUGT1",NA,NA,NA,NA,NA,NA,NA,NA,NA,NA,NA,NA,0.00867309101071678
"TCEB3",NA,NA,NA,NA,NA,NA,NA,NA,NA,NA,NA,NA,0.00388919801337895
"TFCP2",NA,NA,NA,NA,NA,NA,NA,NA,NA,NA,NA,NA,0.0022028146606522
"TM7SF4",NA,NA,NA,NA,NA,NA,NA,NA,NA,NA,NA,NA,0.000675067957285447
"TOMM40L",NA,NA,NA,NA,NA,NA,NA,NA,NA,NA,NA,NA,0.00463719394448203
"TRIM6",NA,NA,NA,NA,NA,NA,NA,NA,NA,NA,NA,NA,0.00326079963734416
"TSPAN15",NA,NA,NA,NA,NA,NA,NA,NA,NA,NA,NA,NA,0.00972633130077405
"TSPYL2",NA,NA,NA,NA,NA,NA,NA,NA,NA,NA,NA,NA,0.00408502265113952
"USP18",NA,NA,NA,NA,NA,NA,NA,NA,NA,NA,NA,NA,0.00628433222425029
"VPS37A",NA,NA,NA,NA,NA,NA,NA,NA,NA,NA,NA,NA,0.011996357971037
"VPS53",NA,NA,NA,NA,NA,NA,NA,NA,NA,NA,NA,NA,0.0018561089786594
"WFDC6",NA,NA,NA,NA,NA,NA,NA,NA,NA,NA,NA,NA,0.00451353742361749
"WFIKKN1",NA,NA,NA,NA,NA,NA,NA,NA,NA,NA,NA,NA,0.00481201050451763
"YWHAB",NA,NA,NA,NA,NA,NA,NA,NA,NA,NA,NA,NA,0.00750606461557213
"ZIK1",NA,NA,NA,NA,NA,NA,NA,NA,NA,NA,NA,NA,0.00687841311351511
"ZNF165",NA,NA,NA,NA,NA,NA,NA,NA,NA,NA,NA,NA,0.00799882111336803
"ZNF313",NA,NA,NA,NA,NA,NA,NA,NA,NA,NA,NA,NA,0.00822523744555304
"ZNF595",NA,NA,NA,NA,NA,NA,NA,NA,NA,NA,NA,NA,0.00690587389603514
"ZNF596",NA,NA,NA,NA,NA,NA,NA,NA,NA,NA,NA,NA,0.00213900474264772
